version,segment,target_bucket,n,brier,logloss,mean_pred,actual_wr,gap_pp
delta_all,overall,all,10047,0.11205599440187146,0.3799156873683702,0.488224168073239,0.5205533990245844,-3.2329230951345433
delta_all,overall,above_par_hard,4258,0.0849328038923591,0.2788124785659085,0.29708361146100853,0.2576326914044152,3.945092005659334
delta_all,overall,below_par_easy,1953,0.14273122222605678,0.570987392602779,0.7872656732826172,0.9559651817716334,-16.869950848901617
delta_all,overall,par,3836,0.12654552131763516,0.39486209580374076,0.548142945544814,0.5907194994786236,-4.257655393380954
delta_all,pp_0_6,all,3481,0.14464276063026846,0.5145704988612283,0.4686606284285608,0.5466819879345016,-7.80213595059408
delta_all,pp_0_6,above_par_hard,1394,0.12836488842519594,0.39304625319589226,0.27289025506858755,0.27116212338593976,0.17281316826477933
delta_all,pp_0_6,below_par_easy,780,0.15653405817226995,0.7890167725666652,0.7677102311764329,0.9538461538461539,-18.613592266972102
delta_all,pp_0_6,par,1307,0.15490759748651167,0.4803981231666893,0.49899361260642044,0.5975516449885233,-9.855803238210287
delta_all,early_mid_7_12,all,3418,0.1167985264923894,0.3765321333277188,0.5142643271838766,0.5430076067875951,-2.8743279603718475
delta_all,early_mid_7_12,above_par_hard,1388,0.08484136865676013,0.28907053631993823,0.31207130541908973,0.2665706051873199,4.550070023176983
delta_all,early_mid_7_12,below_par_easy,726,0.1519666493818454,0.48913370666812295,0.7824957201175474,0.9490358126721763,-16.65400925546289
delta_all,early_mid_7_12,par,1304,0.1312344757700799,0.40693700633513163,0.5801446361866979,0.6111963190184049,-3.1051682831707006
delta_all,late_mid_13_15,all,1632,0.0778142621420027,0.261326346872079,0.5292018992731524,0.5263480392156863,0.2853860057466129
delta_all,late_mid_13_15,above_par_hard,701,0.055478803605852875,0.2043736426414674,0.33114265011207134,0.2710413694721826,6.010128063988873
delta_all,late_mid_13_15,below_par_easy,284,0.1105064484773975,0.3501906357896796,0.825982576061221,0.954225352112676,-12.824277605145495
delta_all,late_mid_13_15,par,647,0.08766368333920342,0.28402555492935916,0.6135200158946461,0.615146831530139,-0.16268156354929397
delta_all,full_mid_7_15,all,5050,0.10420004739935353,0.3393012732295794,0.5190916772135198,0.5376237623762377,-1.853208516271787
delta_all,full_mid_7_15,above_par_hard,2089,0.07498825324235803,0.26064903202668394,0.31847102424617446,0.26807084729535663,5.040017695081783
delta_all,full_mid_7_15,below_par_easy,1010,0.140308533483961,0.4500645659458675,0.7947237073333921,0.9504950495049505,-15.57713421715583
delta_all,full_mid_7_15,par,1951,0.11678532010489431,0.36617651988739464,0.5912127400672937,0.6125064069707842,-2.129366690349044
delta_all,death_16_20,all,1516,0.0634003209992762,0.20601686981840603,0.4303216353190876,0.40369393139841686,2.6627703920670767
delta_all,death_16_20,above_par_hard,775,0.03361646901374978,0.12229835983847986,0.28295100952916724,0.20516129032258065,7.778971920658659
delta_all,death_16_20,below_par_easy,163,0.09169259395286929,0.27693302788897,0.834631504273666,1.0,-16.536849572633404
delta_all,death_16_20,par,578,0.0953567998874203,0.2982703498684767,0.5139024767509076,0.5017301038062284,1.217237294467921
delta_mid_only,overall,all,10047,0.11200328937210469,0.3752484581096693,0.489326127610391,0.5205533990245844,-3.1227271414193405
delta_mid_only,overall,above_par_hard,4258,0.08538234356377326,0.28000509983307736,0.29869993213245216,0.2576326914044152,4.106724072803697
delta_mid_only,overall,below_par_easy,1953,0.1416501879181041,0.5443642558630271,0.788270439737719,0.9559651817716334,-16.769474203391432
delta_mid_only,overall,par,3836,0.12645886663788636,0.3948686527210928,0.5487234421986058,0.5907194994786236,-4.199605728001776
delta_mid_only,pp_0_6,all,3481,0.14382286331547456,0.49928495134254086,0.4717248773090524,0.5466819879345016,-7.495711062544924
delta_mid_only,pp_0_6,above_par_hard,1394,0.12873237748619296,0.3942073686406479,0.27659225813489446,0.27116212338593976,0.5430134748954707
delta_mid_only,pp_0_6,below_par_easy,780,0.15399893978323126,0.7224869788020897,0.770038677253844,0.9538461538461539,-18.38074765923099
delta_mid_only,pp_0_6,par,1307,0.15384489667520548,0.47815302239685675,0.5018167726203291,0.5975516449885233,-9.573487236819423
delta_mid_only,early_mid_7_12,all,3418,0.1167985264923894,0.3765321333277188,0.5142643271838766,0.5430076067875951,-2.8743279603718475
delta_mid_only,early_mid_7_12,above_par_hard,1388,0.08484136865676013,0.28907053631993823,0.31207130541908973,0.2665706051873199,4.550070023176983
delta_mid_only,early_mid_7_12,below_par_easy,726,0.1519666493818454,0.48913370666812295,0.7824957201175474,0.9490358126721763,-16.65400925546289
delta_mid_only,early_mid_7_12,par,1304,0.1312344757700799,0.40693700633513163,0.5801446361866979,0.6111963190184049,-3.1051682831707006
delta_mid_only,late_mid_13_15,all,1632,0.0778142621420027,0.261326346872079,0.5292018992731524,0.5263480392156863,0.2853860057466129
delta_mid_only,late_mid_13_15,above_par_hard,701,0.055478803605852875,0.2043736426414674,0.33114265011207134,0.2710413694721826,6.010128063988873
delta_mid_only,late_mid_13_15,below_par_easy,284,0.1105064484773975,0.3501906357896796,0.825982576061221,0.954225352112676,-12.824277605145495
delta_mid_only,late_mid_13_15,par,647,0.08766368333920342,0.28402555492935916,0.6135200158946461,0.615146831530139,-0.16268156354929397
delta_mid_only,full_mid_7_15,all,5050,0.10420004739935353,0.3393012732295794,0.5190916772135198,0.5376237623762377,-1.853208516271787
delta_mid_only,full_mid_7_15,above_par_hard,2089,0.07498825324235803,0.26064903202668394,0.31847102424617446,0.26807084729535663,5.040017695081783
delta_mid_only,full_mid_7_15,below_par_easy,1010,0.140308533483961,0.4500645659458675,0.7947237073333921,0.9504950495049505,-15.57713421715583
delta_mid_only,full_mid_7_15,par,1951,0.11678532010489431,0.36617651988739464,0.5912127400672937,0.6125064069707842,-2.129366690349044
delta_mid_only,death_16_20,all,1516,0.06493365551031245,0.2101839796801359,0.4305886123090453,0.40369393139841686,2.689468091062847
delta_mid_only,death_16_20,above_par_hard,775,0.03542532084581636,0.1267623423231447,0.28517255939313557,0.20516129032258065,8.001126907055491
delta_mid_only,death_16_20,below_par_easy,163,0.09087131996525329,0.27630881367813254,0.8355279517977966,1.0,-16.44720482022034
delta_mid_only,death_16_20,par,578,0.0971847282764528,0.3033905904240714,0.5113711878681519,0.5017301038062284,0.9641084061923544
delta_pp_only,overall,all,10047,0.11203422567487935,0.379607107967168,0.48890134161878,0.5205533990245844,-3.16520574058044
delta_pp_only,overall,above_par_hard,4258,0.08526157079565612,0.27989915799967663,0.29748500322446636,0.2576326914044152,3.9852311820051165
delta_pp_only,overall,below_par_easy,1953,0.14250852178263393,0.5684068739941769,0.7865719993579495,0.9559651817716334,-16.939318241368383
delta_pp_only,overall,par,3836,0.12623695356259776,0.39416146352265047,0.5498241712116866,0.5907194994786236,-4.0895328266936986
delta_pp_only,pp_0_6,all,3481,0.14464276063026846,0.5145704988612283,0.4686606284285608,0.5466819879345016,-7.80213595059408
delta_pp_only,pp_0_6,above_par_hard,1394,0.12836488842519594,0.39304625319589226,0.27289025506858755,0.27116212338593976,0.17281316826477933
delta_pp_only,pp_0_6,below_par_easy,780,0.15653405817226995,0.7890167725666652,0.7677102311764329,0.9538461538461539,-18.613592266972102
delta_pp_only,pp_0_6,par,1307,0.15490759748651167,0.4803981231666893,0.49899361260642044,0.5975516449885233,-9.855803238210287
delta_pp_only,early_mid_7_12,all,3418,0.11612495682962978,0.3741350538450953,0.5161828651839352,0.5430076067875951,-2.6824741603659885
delta_pp_only,early_mid_7_12,above_par_hard,1388,0.08503953067340937,0.290246248945025,0.3132433301426581,0.2665706051873199,4.66727249553382
delta_pp_only,early_mid_7_12,below_par_easy,726,0.1510655890478071,0.48181849417420136,0.7810600695129621,0.9490358126721763,-16.797574315921416
delta_pp_only,early_mid_7_12,par,1304,0.1297596750155479,0.40347514857083655,0.584725215102968,0.6111963190184049,-2.6471103915436833
delta_pp_only,late_mid_13_15,all,1632,0.07766660012514709,0.2605760906694732,0.5291046337162129,0.5263480392156863,0.2756594500526566
delta_pp_only,late_mid_13_15,above_par_hard,701,0.05508362589583551,0.2037111682901818,0.32880406903919696,0.2710413694721826,5.7762699567014355
delta_pp_only,late_mid_13_15,below_par_easy,284,0.11174977064813112,0.3515034468613472,0.8243678444331212,0.954225352112676,-12.985750767955484
delta_pp_only,late_mid_13_15,par,647,0.08717362409148394,0.2822746091074808,0.616517221034584,0.615146831530139,0.13703895044449022
delta_pp_only,full_mid_7_15,all,5050,0.10369643442532964,0.33743639485447835,0.520358771371,0.5376237623762377,-1.7264991005237706
delta_pp_only,full_mid_7_15,above_par_hard,2089,0.07498730987442456,0.2612079092901446,0.3184650046120089,0.26807084729535663,5.039415731665225
delta_pp_only,full_mid_7_15,below_par_easy,1010,0.14001044803245266,0.4451754511674186,0.7932377012726899,0.9504950495049505,-15.725734823226055
delta_pp_only,full_mid_7_15,par,1951,0.1156370840632827,0.3632820429671507,0.5952682329593266,0.6125064069707842,-1.7238174011457552
delta_pp_only,death_16_20,all,1516,0.06493365551031245,0.2101839796801359,0.4305886123090453,0.40369393139841686,2.689468091062847
delta_pp_only,death_16_20,above_par_hard,775,0.03542532084581636,0.1267623423231447,0.28517255939313557,0.20516129032258065,8.001126907055491
delta_pp_only,death_16_20,below_par_easy,163,0.09087131996525329,0.27630881367813254,0.8355279517977966,1.0,-16.44720482022034
delta_pp_only,death_16_20,par,578,0.0971847282764528,0.3033905904240714,0.5113711878681519,0.5017301038062284,0.9641084061923544
replace_all,overall,all,10047,0.11141841119463926,0.3795111116754989,0.49018221665563755,0.5205533990245844,-3.037118236894687
replace_all,overall,above_par_hard,4258,0.0842587096183025,0.2772093276871627,0.30041488396195787,0.2576326914044152,4.2782192557542675
replace_all,overall,below_par_easy,1953,0.1428021061215457,0.5758543370400537,0.7862239758702341,0.9559651817716334,-16.97412059013993
replace_all,overall,par,3836,0.12558776810803698,0.3931040931888878,0.5501039442008884,0.5907194994786236,-4.061555527773519
replace_all,pp_0_6,all,3481,0.14078902802364981,0.5082274991044232,0.4721974885674446,0.5466819879345016,-7.448449936705703
replace_all,pp_0_6,above_par_hard,1394,0.12328853022969853,0.38109484092422663,0.2792742086866917,0.27116212338593976,0.811208530075197
replace_all,pp_0_6,below_par_easy,780,0.15382129036397918,0.7927808013129707,0.7687371978676492,0.9538461538461539,-18.510895597850475
replace_all,pp_0_6,par,1307,0.15167696168800415,0.47400511944147533,0.5009917340912473,0.5975516449885233,-9.6559910897276
replace_all,early_mid_7_12,all,3418,0.11775229311332783,0.3787358230952041,0.5158067976140341,0.5430076067875951,-2.7200809173560936
replace_all,early_mid_7_12,above_par_hard,1388,0.08612254296387496,0.2920105305443915,0.3141511337460891,0.2665706051873199,4.758052855876921
replace_all,early_mid_7_12,below_par_easy,726,0.15465538973521825,0.4961334434838883,0.7785761733580452,0.9490358126721763,-17.045963931413112
replace_all,early_mid_7_12,par,1304,0.13087380006114083,0.40568676915221563,0.5841561033337854,0.6111963190184049,-2.704021568461945
replace_all,late_mid_13_15,all,1632,0.07868713915884035,0.2638788346119772,0.5302336412565164,0.5263480392156863,0.3885602040830105
replace_all,late_mid_13_15,above_par_hard,701,0.056942455242747644,0.2076457594115755,0.332108162384474,0.2710413694721826,6.106679291229139
replace_all,late_mid_13_15,below_par_easy,284,0.1120424953146839,0.3557861923108073,0.8255037061155606,0.954225352112676,-12.872164599711544
replace_all,late_mid_13_15,par,647,0.08760538069967716,0.2844625998809321,0.6152865968505399,0.615146831530139,0.01397653204008309
replace_all,full_mid_7_15,all,5050,0.10512767306308554,0.3416176834507237,0.520469096391169,0.5376237623762377,-1.7154665985068651
replace_all,full_mid_7_15,above_par_hard,2089,0.07633066096650291,0.26370047570279076,0.3201769245912341,0.26807084729535663,5.210607729587746
replace_all,full_mid_7_15,below_par_easy,1010,0.14267315011597886,0.45666946394611113,0.7917716380146139,0.9504950495049505,-15.872341149033653
replace_all,full_mid_7_15,par,1951,0.11652491880698038,0.36548582731801754,0.5944797472627141,0.6125064069707842,-1.8026659708070047
replace_all,death_16_20,all,1516,0.06493365551031245,0.2101839796801359,0.4305886123090453,0.40369393139841686,2.689468091062847
replace_all,death_16_20,above_par_hard,775,0.03542532084581636,0.1267623423231447,0.28517255939313557,0.20516129032258065,8.001126907055491
replace_all,death_16_20,below_par_easy,163,0.09087131996525329,0.27630881367813254,0.8355279517977966,1.0,-16.44720482022034
replace_all,death_16_20,par,578,0.0971847282764528,0.3033905904240714,0.5113711878681519,0.5017301038062284,0.9641084061923544
replace_mid_only,overall,all,10047,0.11246954891244974,0.3764127729914029,0.4900184702845354,0.5205533990245844,-3.053492874004904
replace_mid_only,overall,above_par_hard,4258,0.08604093673797208,0.28150215615984736,0.2995368569377198,0.2576326914044152,4.190416553330461
replace_mid_only,overall,below_par_easy,1953,0.1428730567344574,0.5477799993244945,0.7867437679445975,0.9559651817716334,-16.922141382703582
replace_mid_only,overall,par,3836,0.12632642583177842,0.3945173646077313,0.5503850509155676,0.5907194994786236,-4.033444856305602
replace_mid_only,pp_0_6,all,3481,0.14382286331547456,0.49928495134254086,0.4717248773090524,0.5466819879345016,-7.495711062544924
replace_mid_only,pp_0_6,above_par_hard,1394,0.12873237748619296,0.3942073686406479,0.27659225813489446,0.27116212338593976,0.5430134748954707
replace_mid_only,pp_0_6,below_par_easy,780,0.15399893978323126,0.7224869788020897,0.770038677253844,0.9538461538461539,-18.38074765923099
replace_mid_only,pp_0_6,par,1307,0.15384489667520548,0.47815302239685675,0.5018167726203291,0.5975516449885233,-9.573487236819423
replace_mid_only,early_mid_7_12,all,3418,0.11775229311332783,0.3787358230952041,0.5158067976140341,0.5430076067875951,-2.7200809173560936
replace_mid_only,early_mid_7_12,above_par_hard,1388,0.08612254296387496,0.2920105305443915,0.3141511337460891,0.2665706051873199,4.758052855876921
replace_mid_only,early_mid_7_12,below_par_easy,726,0.15465538973521825,0.4961334434838883,0.7785761733580452,0.9490358126721763,-17.045963931413112
replace_mid_only,early_mid_7_12,par,1304,0.13087380006114083,0.40568676915221563,0.5841561033337854,0.6111963190184049,-2.704021568461945
replace_mid_only,late_mid_13_15,all,1632,0.07868713915884035,0.2638788346119772,0.5302336412565164,0.5263480392156863,0.3885602040830105
replace_mid_only,late_mid_13_15,above_par_hard,701,0.056942455242747644,0.2076457594115755,0.332108162384474,0.2710413694721826,6.106679291229139
replace_mid_only,late_mid_13_15,below_par_easy,284,0.1120424953146839,0.3557861923108073,0.8255037061155606,0.954225352112676,-12.872164599711544
replace_mid_only,late_mid_13_15,par,647,0.08760538069967716,0.2844625998809321,0.6152865968505399,0.615146831530139,0.01397653204008309
replace_mid_only,full_mid_7_15,all,5050,0.10512767306308554,0.3416176834507237,0.520469096391169,0.5376237623762377,-1.7154665985068651
replace_mid_only,full_mid_7_15,above_par_hard,2089,0.07633066096650291,0.26370047570279076,0.3201769245912341,0.26807084729535663,5.210607729587746
replace_mid_only,full_mid_7_15,below_par_easy,1010,0.14267315011597886,0.45666946394611113,0.7917716380146139,0.9504950495049505,-15.872341149033653
replace_mid_only,full_mid_7_15,par,1951,0.11652491880698038,0.36548582731801754,0.5944797472627141,0.6125064069707842,-1.8026659708070047
replace_mid_only,death_16_20,all,1516,0.06493365551031245,0.2101839796801359,0.4305886123090453,0.40369393139841686,2.689468091062847
replace_mid_only,death_16_20,above_par_hard,775,0.03542532084581636,0.1267623423231447,0.28517255939313557,0.20516129032258065,8.001126907055491
replace_mid_only,death_16_20,below_par_easy,163,0.09087131996525329,0.27630881367813254,0.8355279517977966,1.0,-16.44720482022034
replace_mid_only,death_16_20,par,578,0.0971847282764528,0.3033905904240714,0.5113711878681519,0.5017301038062284,0.9641084061923544
replace_pp_only,overall,all,10047,0.11069901683605786,0.37740943879692435,0.49012676315191966,0.5205533990245844,-3.0426635872664756
replace_pp_only,overall,above_par_hard,4258,0.08359965362221237,0.2759864598534338,0.29957500588854274,0.2576326914044152,4.194231448412755
replace_pp_only,overall,below_par_easy,1953,0.14142508149053623,0.5699101727254202,0.7869821550257163,0.9559651817716334,-16.898302674591704
replace_pp_only,overall,par,3836,0.12513621295033256,0.3919832424932306,0.5505049701638942,0.5907194994786236,-4.021452931472935
replace_pp_only,pp_0_6,all,3481,0.14078902802364981,0.5082274991044232,0.4721974885674446,0.5466819879345016,-7.448449936705703
replace_pp_only,pp_0_6,above_par_hard,1394,0.12328853022969853,0.38109484092422663,0.2792742086866917,0.27116212338593976,0.811208530075197
replace_pp_only,pp_0_6,below_par_easy,780,0.15382129036397918,0.7927808013129707,0.7687371978676492,0.9538461538461539,-18.510895597850475
replace_pp_only,pp_0_6,par,1307,0.15167696168800415,0.47400511944147533,0.5009917340912473,0.5975516449885233,-9.6559910897276
replace_pp_only,early_mid_7_12,all,3418,0.11612495682962978,0.3741350538450953,0.5161828651839352,0.5430076067875951,-2.6824741603659885
replace_pp_only,early_mid_7_12,above_par_hard,1388,0.08503953067340937,0.290246248945025,0.3132433301426581,0.2665706051873199,4.66727249553382
replace_pp_only,early_mid_7_12,below_par_easy,726,0.1510655890478071,0.48181849417420136,0.7810600695129621,0.9490358126721763,-16.797574315921416
replace_pp_only,early_mid_7_12,par,1304,0.1297596750155479,0.40347514857083655,0.584725215102968,0.6111963190184049,-2.6471103915436833
replace_pp_only,late_mid_13_15,all,1632,0.07766660012514709,0.2605760906694732,0.5291046337162129,0.5263480392156863,0.2756594500526566
replace_pp_only,late_mid_13_15,above_par_hard,701,0.05508362589583551,0.2037111682901818,0.32880406903919696,0.2710413694721826,5.7762699567014355
replace_pp_only,late_mid_13_15,below_par_easy,284,0.11174977064813112,0.3515034468613472,0.8243678444331212,0.954225352112676,-12.985750767955484
replace_pp_only,late_mid_13_15,par,647,0.08717362409148394,0.2822746091074808,0.616517221034584,0.615146831530139,0.13703895044449022
replace_pp_only,full_mid_7_15,all,5050,0.10369643442532964,0.33743639485447835,0.520358771371,0.5376237623762377,-1.7264991005237706
replace_pp_only,full_mid_7_15,above_par_hard,2089,0.07498730987442456,0.2612079092901446,0.3184650046120089,0.26807084729535663,5.039415731665225
replace_pp_only,full_mid_7_15,below_par_easy,1010,0.14001044803245266,0.4451754511674186,0.7932377012726899,0.9504950495049505,-15.725734823226055
replace_pp_only,full_mid_7_15,par,1951,0.1156370840632827,0.3632820429671507,0.5952682329593266,0.6125064069707842,-1.7238174011457552
replace_pp_only,death_16_20,all,1516,0.06493365551031245,0.2101839796801359,0.4305886123090453,0.40369393139841686,2.689468091062847
replace_pp_only,death_16_20,above_par_hard,775,0.03542532084581636,0.1267623423231447,0.28517255939313557,0.20516129032258065,8.001126907055491
replace_pp_only,death_16_20,below_par_easy,163,0.09087131996525329,0.27630881367813254,0.8355279517977966,1.0,-16.44720482022034
replace_pp_only,death_16_20,par,578,0.0971847282764528,0.3033905904240714,0.5113711878681519,0.5017301038062284,0.9641084061923544
v14_original,overall,all,10047,0.11175015455386834,0.37431110011282837,0.4899630167808175,0.5205533990245844,-3.0590382243766925
v14_original,overall,above_par_hard,4258,0.085381880741882,0.2802792883261185,0.29869697886430463,0.2576326914044152,4.106428745988944
v14_original,overall,below_par_easy,1953,0.14149603210344794,0.5418358350098609,0.7875019471000799,0.9559651817716334,-16.846323467155344
v14_original,overall,par,3836,0.125874870674074,0.39339651391207403,0.5507860768785735,0.5907194994786236,-3.993342260005006
v14_original,pp_0_6,all,3481,0.14382286331547456,0.49928495134254086,0.4717248773090524,0.5466819879345016,-7.495711062544924
v14_original,pp_0_6,above_par_hard,1394,0.12873237748619296,0.3942073686406479,0.27659225813489446,0.27116212338593976,0.5430134748954707
v14_original,pp_0_6,below_par_easy,780,0.15399893978323126,0.7224869788020897,0.770038677253844,0.9538461538461539,-18.38074765923099
v14_original,pp_0_6,par,1307,0.15384489667520548,0.47815302239685675,0.5018167726203291,0.5975516449885233,-9.573487236819423
v14_original,early_mid_7_12,all,3418,0.11612495682962978,0.3741350538450953,0.5161828651839352,0.5430076067875951,-2.6824741603659885
v14_original,early_mid_7_12,above_par_hard,1388,0.08503953067340937,0.290246248945025,0.3132433301426581,0.2665706051873199,4.66727249553382
v14_original,early_mid_7_12,below_par_easy,726,0.1510655890478071,0.48181849417420136,0.7810600695129621,0.9490358126721763,-16.797574315921416
v14_original,early_mid_7_12,par,1304,0.1297596750155479,0.40347514857083655,0.584725215102968,0.6111963190184049,-2.6471103915436833
v14_original,late_mid_13_15,all,1632,0.07766660012514709,0.2605760906694732,0.5291046337162129,0.5263480392156863,0.2756594500526566
v14_original,late_mid_13_15,above_par_hard,701,0.05508362589583551,0.2037111682901818,0.32880406903919696,0.2710413694721826,5.7762699567014355
v14_original,late_mid_13_15,below_par_easy,284,0.11174977064813112,0.3515034468613472,0.8243678444331212,0.954225352112676,-12.985750767955484
v14_original,late_mid_13_15,par,647,0.08717362409148394,0.2822746091074808,0.616517221034584,0.615146831530139,0.13703895044449022
v14_original,full_mid_7_15,all,5050,0.10369643442532964,0.33743639485447835,0.520358771371,0.5376237623762377,-1.7264991005237706
v14_original,full_mid_7_15,above_par_hard,2089,0.07498730987442456,0.2612079092901446,0.3184650046120089,0.26807084729535663,5.039415731665225
v14_original,full_mid_7_15,below_par_easy,1010,0.14001044803245266,0.4451754511674186,0.7932377012726899,0.9504950495049505,-15.725734823226055
v14_original,full_mid_7_15,par,1951,0.1156370840632827,0.3632820429671507,0.5952682329593266,0.6125064069707842,-1.7238174011457552
v14_original,death_16_20,all,1516,0.06493365551031245,0.2101839796801359,0.4305886123090453,0.40369393139841686,2.689468091062847
v14_original,death_16_20,above_par_hard,775,0.03542532084581636,0.1267623423231447,0.28517255939313557,0.20516129032258065,8.001126907055491
v14_original,death_16_20,below_par_easy,163,0.09087131996525329,0.27630881367813254,0.8355279517977966,1.0,-16.44720482022034
v14_original,death_16_20,par,578,0.0971847282764528,0.3033905904240714,0.5113711878681519,0.5017301038062284,0.9641084061923544
