method,split,segment,n,brier,ece,log_loss
baseline_ipl_v6_features,oof_fold_1,overall,579,0.223201882526543,0.15177601332533147,0.6679107542139562
baseline_ipl_v6_features,oof_fold_1,innings_1,304,0.2419591002955407,0.18551194357647466,0.7160575328515593
baseline_ipl_v6_features,oof_fold_1,innings_1_powerplay,80,0.23692789427115973,0.1907912220106126,0.741560512767738
baseline_ipl_v6_features,oof_fold_1,innings_1_middle,144,0.23162194810602588,0.1827157357663643,0.6722467254925042
baseline_ipl_v6_features,oof_fold_1,innings_1_death,80,0.2655971802610484,0.25022697595684246,0.7694140061816797
baseline_ipl_v6_features,oof_fold_1,innings_2,275,0.20246663088372374,0.194771382689332,0.6146866789200242
baseline_ipl_v6_features,oof_fold_1,innings_2_powerplay,80,0.22708891201186007,0.22461589131375478,0.6980435366936039
baseline_ipl_v6_features,oof_fold_1,innings_2_middle,134,0.19099890652903329,0.18642823681581044,0.5676200406016021
baseline_ipl_v6_features,oof_fold_1,innings_2_death,61,0.19536650913417639,0.23961931127867725,0.6087584971623551
mc_standalone_calibrated,oof_fold_1,overall,579,0.26071137338485534,0.18254775418326208,0.7253151517076131
mc_standalone_calibrated,oof_fold_1,innings_1,304,0.3079629102504892,0.22051484849436478,0.8415118672589852
mc_standalone_calibrated,oof_fold_1,innings_1_powerplay,80,0.32918597916622244,0.26329260338446037,0.8741421857897601
mc_standalone_calibrated,oof_fold_1,innings_1_middle,144,0.2891564012995246,0.18229385122108624,0.8012041996806883
mc_standalone_calibrated,oof_fold_1,innings_1_death,80,0.3205915574464925,0.2534520642338981,0.881435350369145
mc_standalone_calibrated,oof_fold_1,innings_2,275,0.20847694717702733,0.1896121921556777,0.5968649643344597
mc_standalone_calibrated,oof_fold_1,innings_2_powerplay,80,0.3248172807321864,0.3028203456618885,0.8942711223194951
mc_standalone_calibrated,oof_fold_1,innings_2_middle,134,0.1826091315155651,0.1783584294304464,0.5236490591613653
mc_standalone_calibrated,oof_fold_1,innings_2_death,61,0.11272384249216208,0.11525599112256704,0.3676590406359647
ml_add_mc_win_prob,oof_fold_1,overall,579,0.21660918613491253,0.13763874165554058,0.6491584017501459
ml_add_mc_win_prob,oof_fold_1,innings_1,304,0.243058552098161,0.21196175555261942,0.7180658893868429
ml_add_mc_win_prob,oof_fold_1,innings_1_powerplay,80,0.2384271287095229,0.2138511134630329,0.7506941508173155
ml_add_mc_win_prob,oof_fold_1,innings_1_middle,144,0.23188632393348277,0.2304820107900035,0.6684993035591442
ml_add_mc_win_prob,oof_fold_1,innings_1_death,80,0.26779998618321993,0.25849598406249447,0.7746574824462282
ml_add_mc_win_prob,oof_fold_1,innings_2,275,0.18737061430644877,0.16857502253948517,0.5729843063263064
ml_add_mc_win_prob,oof_fold_1,innings_2_powerplay,80,0.21617412352428786,0.2038701243679518,0.6566560499105707
ml_add_mc_win_prob,oof_fold_1,innings_2_middle,134,0.17542343776067618,0.14546853892668693,0.5277148380087701
ml_add_mc_win_prob,oof_fold_1,innings_2_death,61,0.1758401375803241,0.22298860764620979,0.5626952779297281
ml_add_mc_gap_features,oof_fold_1,overall,579,0.21887435479937586,0.13525318332059166,0.655347242030491
ml_add_mc_gap_features,oof_fold_1,innings_1,304,0.24176673391439954,0.20392243144152664,0.7109598582517874
ml_add_mc_gap_features,oof_fold_1,innings_1_powerplay,80,0.23583999742585887,0.19444246474142032,0.7417983153425737
ml_add_mc_gap_features,oof_fold_1,innings_1_middle,144,0.23040232103099495,0.2114714013419681,0.6617174946047274
ml_add_mc_gap_features,oof_fold_1,innings_1_death,80,0.2681494135930683,0.26801081945582517,0.7687576557257094
ml_add_mc_gap_features,oof_fold_1,innings_2,275,0.19356787025040428,0.17657462847749572,0.5938700226440395
ml_add_mc_gap_features,oof_fold_1,innings_2_powerplay,80,0.22790177429531502,0.24262333049387946,0.6929234342402062
ml_add_mc_gap_features,oof_fold_1,innings_2_middle,134,0.1815465554215785,0.1571707410601405,0.5472691131110052
ml_add_mc_gap_features,oof_fold_1,innings_2_death,61,0.17494727784826963,0.19060518191070905,0.566333120180651
ml_replace_resource_with_mc,oof_fold_1,overall,579,0.2195160228145117,0.13518743796037241,0.6540088050302351
ml_replace_resource_with_mc,oof_fold_1,innings_1,304,0.24617084785483256,0.2223128117551715,0.7229207860074588
ml_replace_resource_with_mc,oof_fold_1,innings_1_powerplay,80,0.24008044892505356,0.20627189002017182,0.7531305139490723
ml_replace_resource_with_mc,oof_fold_1,innings_1_middle,144,0.23540506970318584,0.23415944452548337,0.6746102828766776
ml_replace_resource_with_mc,oof_fold_1,innings_1_death,80,0.27163964745757563,0.30227525109342424,0.7796699637012507
ml_replace_resource_with_mc,oof_fold_1,innings_2,275,0.19005032531539345,0.1764497155346142,0.5778297424226861
ml_replace_resource_with_mc,oof_fold_1,innings_2_powerplay,80,0.2173081886419478,0.22488626881147894,0.6582516580374365
ml_replace_resource_with_mc,oof_fold_1,innings_2_middle,134,0.18188866637019085,0.14821030261506501,0.5427771221831192
ml_replace_resource_with_mc,oof_fold_1,innings_2_death,61,0.1722311979798655,0.1887802668600763,0.5493592155853406
ml_clean_swap_resource,oof_fold_1,overall,579,0.22186324634336507,0.1435088505899031,0.6607163128723054
ml_clean_swap_resource,oof_fold_1,innings_1,304,0.2422687282736767,0.21149790190277387,0.7115310194278162
ml_clean_swap_resource,oof_fold_1,innings_1_powerplay,80,0.2356415702576064,0.21929447949108075,0.7373435848129603
ml_clean_swap_resource,oof_fold_1,innings_1_middle,144,0.23101787265336546,0.22150295353564178,0.6645884556983269
ml_clean_swap_resource,oof_fold_1,innings_1_death,80,0.2691474264063071,0.25943356396420775,0.7702150687557529
ml_clean_swap_resource,oof_fold_1,innings_2,275,0.19930591359131147,0.1744922019385509,0.604542964534577
ml_clean_swap_resource,oof_fold_1,innings_2_powerplay,80,0.22447075632028451,0.1969323044108376,0.6814502569283227
ml_clean_swap_resource,oof_fold_1,innings_2_middle,134,0.19073531132802357,0.16254469003921457,0.5697834277651191
ml_clean_swap_resource,oof_fold_1,innings_2_death,61,0.1851300658038153,0.1896319972900224,0.580037956921588
baseline_ipl_v6_features,oof_fold_2,overall,579,0.2980946030702219,0.23772022295725856,0.8347612120923508
baseline_ipl_v6_features,oof_fold_2,innings_1,302,0.3478780448929381,0.3352867581080957,0.9408362868576445
baseline_ipl_v6_features,oof_fold_2,innings_1_powerplay,80,0.3203416020703179,0.2885837645923618,0.8596071522311778
baseline_ipl_v6_features,oof_fold_2,innings_1_middle,144,0.3538353434634243,0.3466560621922381,0.9599497809552943
baseline_ipl_v6_features,oof_fold_2,innings_1_death,78,0.36512246068344556,0.378476053876869,0.9888617691660516
baseline_ipl_v6_features,oof_fold_2,innings_2,277,0.24381807083029314,0.16122739114320433,0.7191125746226081
baseline_ipl_v6_features,oof_fold_2,innings_2_powerplay,80,0.3537183939309888,0.3229014079333637,1.0090534071626402
baseline_ipl_v6_features,oof_fold_2,innings_2_middle,135,0.21181087087197487,0.1582076513690894,0.6383765845420701
baseline_ipl_v6_features,oof_fold_2,innings_2_death,62,0.1717042989967014,0.1503453596694274,0.5207914787785761
mc_standalone_calibrated,oof_fold_2,overall,579,0.21078982214149358,0.0706116446930916,0.5941913220610454
mc_standalone_calibrated,oof_fold_2,innings_1,302,0.2375295882947797,0.12090028649869715,0.6670689039834605
mc_standalone_calibrated,oof_fold_2,innings_1_powerplay,80,0.22718161208169194,0.028295663953873895,0.6460418001588648
mc_standalone_calibrated,oof_fold_2,innings_1_middle,144,0.23834050839072685,0.16810580338354172,0.6682105693802873
mc_standalone_calibrated,oof_fold_2,innings_1_death,78,0.24664581397722385,0.17632896453743546,0.6865274743530067
mc_standalone_calibrated,oof_fold_2,innings_2,277,0.18163671969278455,0.13800017343699822,0.5147363410481596
mc_standalone_calibrated,oof_fold_2,innings_2_powerplay,80,0.24331894589787267,0.27206972218290837,0.6808465934972332
mc_standalone_calibrated,oof_fold_2,innings_2_middle,135,0.17192981076411587,0.1181648292383008,0.48597791447922684
mc_standalone_calibrated,oof_fold_2,innings_2_death,62,0.12318276177283641,0.1346544814171222,0.36301968606235385
ml_add_mc_win_prob,oof_fold_2,overall,579,0.28580661061822177,0.21191824884948252,0.8019923279376551
ml_add_mc_win_prob,oof_fold_2,innings_1,302,0.34337117868658157,0.3041106341691814,0.9312819459426132
ml_add_mc_win_prob,oof_fold_2,innings_1_powerplay,80,0.32028075884195745,0.29777399700801255,0.8632025630844484
ml_add_mc_win_prob,oof_fold_2,innings_1_middle,144,0.35188315803191766,0.339800133041907,0.9553510878692555
ml_add_mc_win_prob,oof_fold_2,innings_1_death,78,0.3513392371717295,0.350932502648144,0.956671615060776
ml_add_mc_win_prob,oof_fold_2,innings_2,277,0.22304668442094863,0.1460324169035109,0.661033971845607
ml_add_mc_win_prob,oof_fold_2,innings_2_powerplay,80,0.32297646289334647,0.29451802291766366,0.9215073618294628
ml_add_mc_win_prob,oof_fold_2,innings_2_middle,135,0.19564970696419218,0.15378308330583743,0.5918840414959741
ml_add_mc_win_prob,oof_fold_2,innings_2_death,62,0.15375974375756624,0.16191360297695548,0.4755076718212838
ml_add_mc_gap_features,oof_fold_2,overall,579,0.29561952033308286,0.21916565275371677,0.8300349052034195
ml_add_mc_gap_features,oof_fold_2,innings_1,302,0.34226610315279477,0.29821826875646323,0.9284058521898907
ml_add_mc_gap_features,oof_fold_2,innings_1_powerplay,80,0.3198033884710851,0.2870754541294259,0.8590605399909889
ml_add_mc_gap_features,oof_fold_2,innings_1_middle,144,0.3472806263849619,0.3114613055885815,0.9453643012189133
ml_add_mc_gap_features,oof_fold_2,innings_1_death,78,0.3560472035259321,0.32875791182672476,0.9682213434172352
ml_add_mc_gap_features,oof_fold_2,innings_2,277,0.24476295711448007,0.18437342367189694,0.7227857139040899
ml_add_mc_gap_features,oof_fold_2,innings_2_powerplay,80,0.34867986928201333,0.3256721051210354,0.9956457589916304
ml_add_mc_gap_features,oof_fold_2,innings_2_middle,135,0.21729049809786868,0.16143393311652848,0.6546779593658663
ml_add_mc_gap_features,oof_fold_2,innings_2_death,62,0.17049568282157493,0.1577906363376725,0.519007379317912
ml_replace_resource_with_mc,oof_fold_2,overall,579,0.28623220304076524,0.22115343364575504,0.8021236251661551
ml_replace_resource_with_mc,oof_fold_2,innings_1,302,0.34401492057961064,0.31357804004143436,0.9334993615796396
ml_replace_resource_with_mc,oof_fold_2,innings_1_powerplay,80,0.3215500433167466,0.29651303490177383,0.8669036577715552
ml_replace_resource_with_mc,oof_fold_2,innings_1_middle,144,0.351825952832391,0.3366650198345713,0.9561613820164787
ml_replace_resource_with_mc,oof_fold_2,innings_1_death,78,0.352635453100492,0.33445101201424293,0.9599650713455617
ml_replace_resource_with_mc,oof_fold_2,innings_2,277,0.22323443879263777,0.16470770800926515,0.6588908728308759
ml_replace_resource_with_mc,oof_fold_2,innings_2_powerplay,80,0.32147055885472897,0.3195105399287792,0.9103986225118647
ml_replace_resource_with_mc,oof_fold_2,innings_2_middle,135,0.19648670976105703,0.1562237529254973,0.5940970904220516
ml_replace_resource_with_mc,oof_fold_2,innings_2_death,62,0.15471917773289748,0.15315753453722922,0.4754479801004266
ml_clean_swap_resource,oof_fold_2,overall,579,0.2935296828591633,0.22134487212035384,0.8227932237202076
ml_clean_swap_resource,oof_fold_2,innings_1,302,0.3377817047261385,0.29588538863414005,0.9162984982933281
ml_clean_swap_resource,oof_fold_2,innings_1_powerplay,80,0.31906565415813537,0.29498580066332064,0.8579690093647498
ml_clean_swap_resource,oof_fold_2,innings_1_middle,144,0.3411262011834366,0.3041729614265664,0.9290861995564781
ml_clean_swap_resource,oof_fold_2,innings_1_death,78,0.35080319902856566,0.31277978807298673,0.9525155512727216
ml_clean_swap_resource,oof_fold_2,innings_2,277,0.24528379620274995,0.17243465274167835,0.7208488449437367
ml_clean_swap_resource,oof_fold_2,innings_2_powerplay,80,0.3483461547186418,0.32559856161473405,0.9941241839440501
ml_clean_swap_resource,oof_fold_2,innings_2_middle,135,0.21642458507693818,0.14721686721065547,0.6478924479909882
ml_clean_swap_resource,oof_fold_2,innings_2_death,62,0.1751387126658667,0.14701190499895986,0.5270921750823807
baseline_ipl_v6_features,oof_fold_3,overall,579,0.1922041848238904,0.10887061801074634,0.5660707915398313
baseline_ipl_v6_features,oof_fold_3,innings_1,306,0.1820137378138232,0.11615754783647557,0.5415335126979117
baseline_ipl_v6_features,oof_fold_3,innings_1_powerplay,85,0.20274669560067587,0.12162014154158873,0.5900603571000601
baseline_ipl_v6_features,oof_fold_3,innings_1_middle,147,0.17741918406531731,0.12010087272663313,0.5301558367135099
baseline_ipl_v6_features,oof_fold_3,innings_1_death,74,0.16732587280230826,0.15981031736130896,0.5083948180428368
baseline_ipl_v6_features,oof_fold_3,innings_2,273,0.20362644410989977,0.14417470115276565,0.5935741150769279
baseline_ipl_v6_features,oof_fold_3,innings_2_powerplay,80,0.18717284445955815,0.15071599256808,0.5502465992975851
baseline_ipl_v6_features,oof_fold_3,innings_2_middle,133,0.22207275468256768,0.1757591217196044,0.6424006125465909
baseline_ipl_v6_features,oof_fold_3,innings_2_death,60,0.18467525520760814,0.12637224571084,0.543112066724966
mc_standalone_calibrated,oof_fold_3,overall,579,0.23158401881786525,0.08904183931742621,0.6484390388806357
mc_standalone_calibrated,oof_fold_3,innings_1,306,0.239663827616212,0.06009305958368954,0.6721079753996102
mc_standalone_calibrated,oof_fold_3,innings_1_powerplay,85,0.24770591879925413,0.06998900349409914,0.6896786557235309
mc_standalone_calibrated,oof_fold_3,innings_1_middle,147,0.23404819356786682,0.08240954504247633,0.6592015750021688
mc_standalone_calibrated,oof_fold_3,innings_1_death,74,0.24158167159659252,0.08691538554461356,0.6775638271684029
mc_standalone_calibrated,oof_fold_3,innings_2,273,0.22252752983510296,0.17214029674040882,0.6219090221231038
mc_standalone_calibrated,oof_fold_3,innings_2_powerplay,80,0.2279949685119731,0.20425730355342045,0.6295754357885597
mc_standalone_calibrated,oof_fold_3,innings_2_middle,133,0.2330515799510668,0.19291156546276234,0.6330811257814967
mc_standalone_calibrated,oof_fold_3,innings_2_death,60,0.1919093005088896,0.18932323785835853,0.5869223074597254
ml_add_mc_win_prob,oof_fold_3,overall,579,0.2013453448298524,0.0488559920432615,0.5849716754565087
ml_add_mc_win_prob,oof_fold_3,innings_1,306,0.2160820334193924,0.05177302239909175,0.6225095420221148
ml_add_mc_win_prob,oof_fold_3,innings_1_powerplay,85,0.25149284282077133,0.1468980450516498,0.6994859904284467
ml_add_mc_win_prob,oof_fold_3,innings_1_middle,147,0.20871403616146428,0.07012890456342614,0.6065480840844301
ml_add_mc_win_prob,oof_fold_3,innings_1_death,74,0.19004388203828737,0.07842023579789728,0.5657978690802429
ml_add_mc_win_prob,oof_fold_3,innings_2,273,0.1848272982789394,0.12506116383242943,0.5428962645807743
ml_add_mc_win_prob,oof_fold_3,innings_2_powerplay,80,0.16921320612962443,0.1547414960271106,0.5101602463593414
ml_add_mc_win_prob,oof_fold_3,innings_2_middle,133,0.20261306229852066,0.19903957725025317,0.5875789501190605
ml_add_mc_win_prob,oof_fold_3,innings_2_death,60,0.1662209775679541,0.1268994897778682,0.4874976692661503
ml_add_mc_gap_features,oof_fold_3,overall,579,0.18516156162164352,0.11065493234548446,0.5507961298822228
ml_add_mc_gap_features,oof_fold_3,innings_1,306,0.17768474479364266,0.1239096734178276,0.5323333002076387
ml_add_mc_gap_features,oof_fold_3,innings_1_powerplay,85,0.206184571206297,0.15537915759938517,0.5983909929398207
ml_add_mc_gap_features,oof_fold_3,innings_1_middle,147,0.17025765220858208,0.11385432336235685,0.5139977141356835
ml_add_mc_gap_features,oof_fold_3,innings_1_death,74,0.1597022767521331,0.15718571520611238,0.49287961467171904
ml_add_mc_gap_features,oof_fold_3,innings_2,273,0.1935421694947873,0.14504999050895084,0.5714907301768116
ml_add_mc_gap_features,oof_fold_3,innings_2_powerplay,80,0.17031628133559046,0.19290848409811162,0.5128726157319425
ml_add_mc_gap_features,oof_fold_3,innings_2_middle,133,0.21294904340883172,0.16232496512524103,0.6205673789946744
ml_add_mc_gap_features,oof_fold_3,innings_2_death,60,0.18149144986425123,0.1587777320210684,0.5408616445570417
ml_replace_resource_with_mc,oof_fold_3,overall,579,0.2013516468250987,0.06177386823819558,0.5838446718750254
ml_replace_resource_with_mc,oof_fold_3,innings_1,306,0.2168600915110617,0.05053736927697321,0.6239988063741577
ml_replace_resource_with_mc,oof_fold_3,innings_1_powerplay,85,0.2600231253923354,0.17709441226595002,0.7182284980977062
ml_replace_resource_with_mc,oof_fold_3,innings_1_middle,147,0.2049792606981231,0.111602184735747,0.5975337037541726
ml_replace_resource_with_mc,oof_fold_3,innings_1_death,74,0.19088204082989557,0.07575772732745957,0.5683345670314037
ml_replace_resource_with_mc,oof_fold_3,innings_2,273,0.183968554979294,0.12341030122677046,0.5388367408979762
ml_replace_resource_with_mc,oof_fold_3,innings_2_powerplay,80,0.1637975136840787,0.18856446672693566,0.4979849664924747
ml_replace_resource_with_mc,oof_fold_3,innings_2_middle,133,0.2019563564356255,0.1549675358081985,0.5815167325440461
ml_replace_resource_with_mc,oof_fold_3,innings_2_death,60,0.17099031681137963,0.1440085713060416,0.49869845862318946
ml_clean_swap_resource,oof_fold_3,overall,579,0.18594068452033818,0.09699288088173764,0.5514602297972584
ml_clean_swap_resource,oof_fold_3,innings_1,306,0.18055651464316677,0.11126532988766667,0.5389732567949739
ml_clean_swap_resource,oof_fold_3,innings_1_powerplay,85,0.20291105153099923,0.1172738978728957,0.5909928564042394
ml_clean_swap_resource,oof_fold_3,innings_1_middle,147,0.17623914078903857,0.11465734733953652,0.5280403203890637
ml_clean_swap_resource,oof_fold_3,innings_1_death,74,0.1634554108741273,0.17257845941429314,0.500939144428504
ml_clean_swap_resource,oof_fold_3,innings_2,273,0.19197568811892596,0.13815605446963944,0.5654566171185005
ml_clean_swap_resource,oof_fold_3,innings_2_powerplay,80,0.17116026645499294,0.1718823978475218,0.5145476796038982
ml_clean_swap_resource,oof_fold_3,innings_2_middle,133,0.21182372519049494,0.17111274204019702,0.615357066212172
ml_clean_swap_resource,oof_fold_3,innings_2_death,60,0.1757331014955253,0.13126745376666668,0.5227225383136646
baseline_ipl_v6_features,oof_fold_4,overall,579,0.21673181964264301,0.1335223480066738,0.6131522169308512
baseline_ipl_v6_features,oof_fold_4,innings_1,296,0.29154865896482146,0.21868287184936228,0.7927049908821058
baseline_ipl_v6_features,oof_fold_4,innings_1_powerplay,75,0.31526293378355996,0.2679090752799019,0.8397013959976424
baseline_ipl_v6_features,oof_fold_4,innings_1_middle,141,0.29605759992656405,0.22215856809106949,0.8085413112041139
baseline_ipl_v6_features,oof_fold_4,innings_1_death,80,0.2613695178771828,0.21126664177634663,0.720734346518751
baseline_ipl_v6_features,oof_fold_4,innings_2,283,0.13847816437986984,0.10674597320968823,0.4253514356956166
baseline_ipl_v6_features,oof_fold_4,innings_2_powerplay,80,0.19678644191961317,0.18842524425381282,0.5738573853791011
baseline_ipl_v6_features,oof_fold_4,innings_2_middle,140,0.12585395049225037,0.11642938269258263,0.39716876970695836
baseline_ipl_v6_features,oof_fold_4,innings_2_death,63,0.09248971582569934,0.1937240314246434,0.2994005986120199
mc_standalone_calibrated,oof_fold_4,overall,579,0.19299559358433857,0.09631287879141864,0.564103951210275
mc_standalone_calibrated,oof_fold_4,innings_1,296,0.2435891036310829,0.06459853735623805,0.6803055569393156
mc_standalone_calibrated,oof_fold_4,innings_1_powerplay,75,0.26668531670126694,0.14750651732463033,0.7273417600616816
mc_standalone_calibrated,oof_fold_4,innings_1_middle,141,0.24640648181163322,0.07255637812680765,0.686005556356639
mc_standalone_calibrated,oof_fold_4,innings_1_death,80,0.21697077483456556,0.16804841762501568,0.6261628675390651
mc_standalone_calibrated,oof_fold_4,innings_2,283,0.14007800003721377,0.17010523383676487,0.4425644625325506
mc_standalone_calibrated,oof_fold_4,innings_2_powerplay,80,0.19147922139716453,0.31827169258853627,0.5765549583828967
mc_standalone_calibrated,oof_fold_4,innings_2_middle,140,0.13034555334174913,0.20336240886104273,0.4215259433939375
mc_standalone_calibrated,oof_fold_4,innings_2_death,63,0.0964342671573564,0.16601806010520687,0.3191700658877591
ml_add_mc_win_prob,oof_fold_4,overall,579,0.2037722745564944,0.09155974986055863,0.5902490570832288
ml_add_mc_win_prob,oof_fold_4,innings_1,296,0.26510853199680345,0.14405935797009137,0.7409647241654398
ml_add_mc_win_prob,oof_fold_4,innings_1_powerplay,75,0.2936194472359623,0.21232740220065965,0.793706436131732
ml_add_mc_win_prob,oof_fold_4,innings_1_middle,141,0.2674267312599544,0.17606591242597,0.7510926420933572
ml_add_mc_win_prob,oof_fold_4,innings_1_death,80,0.23429372275878846,0.1322870544292286,0.673668913849086
ml_add_mc_win_prob,oof_fold_4,innings_2,283,0.13961845051998747,0.11438973745157839,0.43261005547073966
ml_add_mc_win_prob,oof_fold_4,innings_2_powerplay,80,0.18891582606287813,0.11543517785176258,0.5575990300829421
ml_add_mc_win_prob,oof_fold_4,innings_2_middle,140,0.1312265911427644,0.18738336835777977,0.41347904889562265
ml_add_mc_win_prob,oof_fold_4,innings_2_death,63,0.09566718495459028,0.14224002866891913,0.31640724517772656
ml_add_mc_gap_features,oof_fold_4,overall,579,0.2156979776033334,0.13167693448462378,0.6118249702901877
ml_add_mc_gap_features,oof_fold_4,innings_1,296,0.29114101835811707,0.21910740643685644,0.7963517952881176
ml_add_mc_gap_features,oof_fold_4,innings_1_powerplay,75,0.32384564137946825,0.29468644296531726,0.8604663737142009
ml_add_mc_gap_features,oof_fold_4,innings_1_middle,141,0.295635132938137,0.259327129352636,0.8127901886922477
ml_add_mc_gap_features,oof_fold_4,innings_1_death,80,0.2525595573283153,0.24046556550985404,0.7072717096388856
ml_add_mc_gap_features,oof_fold_4,innings_2,283,0.13678935547112145,0.12149523860132855,0.4188216480308687
ml_add_mc_gap_features,oof_fold_4,innings_2_powerplay,80,0.1886877328675406,0.1543801463452754,0.5572724142038397
ml_add_mc_gap_features,oof_fold_4,innings_2_middle,140,0.12769236697966022,0.13179923276263858,0.39631658642963996
ml_add_mc_gap_features,oof_fold_4,innings_2_death,63,0.09110218399637601,0.14777769097581403,0.29302239930601687
ml_replace_resource_with_mc,oof_fold_4,overall,579,0.20560117496264568,0.08551881855414376,0.5940751614557341
ml_replace_resource_with_mc,oof_fold_4,innings_1,296,0.26664468731087343,0.14829279440490953,0.7444542504405165
ml_replace_resource_with_mc,oof_fold_4,innings_1_powerplay,75,0.30066512027378095,0.23124697943750383,0.8086338138283222
ml_replace_resource_with_mc,oof_fold_4,innings_1_middle,141,0.2672173361439606,0.20497655183848376,0.7511844974955861
ml_replace_resource_with_mc,oof_fold_4,innings_1_death,80,0.23374123783983164,0.16389613774744244,0.6724238493298879
ml_replace_resource_with_mc,oof_fold_4,innings_2,283,0.14175354367262655,0.08533043251361348,0.43678819912536115
ml_replace_resource_with_mc,oof_fold_4,innings_2_powerplay,80,0.193756601455078,0.13485322778446399,0.5697584443396165
ml_replace_resource_with_mc,oof_fold_4,innings_2_middle,140,0.13449112703110666,0.1309069083273613,0.4188594502084416
ml_replace_resource_with_mc,oof_fold_4,innings_2_death,63,0.09185661839035127,0.13096213463735581,0.3077787583512071
ml_clean_swap_resource,oof_fold_4,overall,579,0.21418549797392192,0.12426039165482705,0.6082521549413399
ml_clean_swap_resource,oof_fold_4,innings_1,296,0.291050332848429,0.20376194229174457,0.7948495790941632
ml_clean_swap_resource,oof_fold_4,innings_1_powerplay,75,0.3150499920182685,0.22828215104377442,0.8408128525282711
ml_clean_swap_resource,oof_fold_4,innings_1_middle,141,0.298742119277129,0.263450158559655,0.8192132562511335
ml_clean_swap_resource,oof_fold_4,innings_1_death,80,0.25499387879612084,0.23464579518408227,0.7088180292605268
ml_clean_swap_resource,oof_fold_4,innings_2,283,0.13378976962461409,0.10575710711035596,0.41308311766488864
ml_clean_swap_resource,oof_fold_4,innings_2_powerplay,80,0.18348853194031148,0.15368124513303186,0.5435729857775475
ml_clean_swap_resource,oof_fold_4,innings_2_middle,140,0.12485792485878225,0.14284140490468733,0.3921947918746049
ml_clean_swap_resource,oof_fold_4,innings_2_death,63,0.09052877410018015,0.1453565004977922,0.2938001995954763
