feature,importance,method,fold
resource_win_prob,0.15553726,baseline_v6_features,1
dls_pressure_index,0.09146619,baseline_v6_features,1
run_rate_diff,0.08575242,baseline_v6_features,1
score_vs_par,0.058080655,baseline_v6_features,1
venue_chase_success,0.03479213,baseline_v6_features,1
batting_team_situation_wr,0.033143055,baseline_v6_features,1
inn1_defendability,0.031890176,baseline_v6_features,1
situation_advantage,0.030565597,baseline_v6_features,1
bowling_team_win_rate,0.029539501,baseline_v6_features,1
target_above_par,0.028273642,baseline_v6_features,1
bowling_team_situation_wr,0.027733924,baseline_v6_features,1
team_strength_diff,0.026888158,baseline_v6_features,1
batting_team_win_rate,0.02668654,baseline_v6_features,1
inn1_pp_runs,0.026605261,baseline_v6_features,1
inn1_wickets_lost,0.025723407,baseline_v6_features,1
inn1_death_rr,0.025305284,baseline_v6_features,1
projected_score,0.025058554,baseline_v6_features,1
batting_won_toss,0.02434326,baseline_v6_features,1
expected_final_score,0.024234343,baseline_v6_features,1
chase_difficulty,0.021129878,baseline_v6_features,1
required_run_rate,0.020973884,baseline_v6_features,1
rrr_times_wickets,0.01991266,baseline_v6_features,1
runs_last_18,0.018683732,baseline_v6_features,1
score_per_wicket,0.017559338,baseline_v6_features,1
projected_vs_venue_avg,0.017390132,baseline_v6_features,1
overs_remaining,0.01687058,baseline_v6_features,1
wickets_times_balls,0.015261401,baseline_v6_features,1
runs_last_12,0.014447387,baseline_v6_features,1
pressure_index,0.011790981,baseline_v6_features,1
boundary_pct_last_18,0.0069868774,baseline_v6_features,1
is_powerplay,0.0047356714,baseline_v6_features,1
wickets_last_12,0.0026380843,baseline_v6_features,1
resource_win_prob,0.13993712,augmented_all_candidates,1
run_rate_diff,0.06421189,augmented_all_candidates,1
dls_pressure_index,0.057245273,augmented_all_candidates,1
score_vs_par,0.03976764,augmented_all_candidates,1
venue_chase_success,0.027190993,augmented_all_candidates,1
hs_i2mid_dls_x_resource,0.027132722,augmented_all_candidates,1
hs_i2_inn1_def_x_required_rr,0.026224844,augmented_all_candidates,1
batting_team_situation_wr,0.025623513,augmented_all_candidates,1
situation_advantage,0.024550293,augmented_all_candidates,1
inn1_defendability,0.024125101,augmented_all_candidates,1
bowling_team_situation_wr,0.023886131,augmented_all_candidates,1
target_above_par,0.023714578,augmented_all_candidates,1
bowling_team_win_rate,0.0229431,augmented_all_candidates,1
inn1_wickets_lost,0.021929633,augmented_all_candidates,1
team_strength_diff,0.021488313,augmented_all_candidates,1
expected_final_score,0.020784464,augmented_all_candidates,1
rrr_times_wickets,0.020774541,augmented_all_candidates,1
inn1_death_rr,0.02075106,augmented_all_candidates,1
batting_team_win_rate,0.020615675,augmented_all_candidates,1
batting_won_toss,0.02043197,augmented_all_candidates,1
inn1_pp_runs,0.020120386,augmented_all_candidates,1
overs_remaining,0.019845562,augmented_all_candidates,1
projected_score,0.017318007,augmented_all_candidates,1
hs_i2death_target_x_venue_chase,0.016501844,augmented_all_candidates,1
hs_i2_target_above_par_x_wickets,0.016457623,augmented_all_candidates,1
hs_i2_resource_pressure,0.016387748,augmented_all_candidates,1
hs_i2death_dls_x_chase_difficulty,0.015751677,augmented_all_candidates,1
projected_vs_venue_avg,0.015546552,augmented_all_candidates,1
hs_i2pp_target_above_par_x_venue_chase,0.015459686,augmented_all_candidates,1
required_run_rate,0.01489526,augmented_all_candidates,1
hs_i2pp_target_above_par_x_wickets,0.014414422,augmented_all_candidates,1
runs_last_18,0.014202767,augmented_all_candidates,1
hs_i2pp_target_x_early_wicket_shock,0.014094252,augmented_all_candidates,1
score_per_wicket,0.013983587,augmented_all_candidates,1
chase_difficulty,0.012636647,augmented_all_candidates,1
wickets_times_balls,0.011524689,augmented_all_candidates,1
pressure_index,0.010847773,augmented_all_candidates,1
runs_last_12,0.008915116,augmented_all_candidates,1
hs_i2pp_inn1_def_x_batting_wr,0.008341039,augmented_all_candidates,1
hs_i1death_bowling_situation_x_wih,0.0076564304,augmented_all_candidates,1
hs_i1death_expected_final_x_wih,0.007306024,augmented_all_candidates,1
hs_i1death_score_vs_par_x_wih,0.0072717983,augmented_all_candidates,1
hs_i1death_boundary_x_wih,0.0066371234,augmented_all_candidates,1
hs_i1death_projected_vs_venue_x_wih,0.0061970023,augmented_all_candidates,1
hs_i2pp_required_minus_current_rr,0.00565202,augmented_all_candidates,1
boundary_pct_last_18,0.0048592906,augmented_all_candidates,1
is_powerplay,0.0038468165,augmented_all_candidates,1
wickets_last_12,0.0,augmented_all_candidates,1
hs_i1death_wickets_in_hand,0.0,augmented_all_candidates,1
hs_i1death_resource_pressure,0.0,augmented_all_candidates,1
hs_i2pp_early_chase_wicket_shock,0.0,augmented_all_candidates,1
resource_win_prob,0.15520665,augmented_horseshoe_selected,1
dls_pressure_index,0.06761817,augmented_horseshoe_selected,1
score_vs_par,0.046368055,augmented_horseshoe_selected,1
run_rate_diff,0.0341745,augmented_horseshoe_selected,1
hs_i2mid_dls_x_resource,0.030623695,augmented_horseshoe_selected,1
venue_chase_success,0.030359294,augmented_horseshoe_selected,1
batting_team_situation_wr,0.029886557,augmented_horseshoe_selected,1
inn1_defendability,0.028593797,augmented_horseshoe_selected,1
bowling_team_win_rate,0.027612101,augmented_horseshoe_selected,1
situation_advantage,0.02743622,augmented_horseshoe_selected,1
target_above_par,0.026826993,augmented_horseshoe_selected,1
bowling_team_situation_wr,0.026811494,augmented_horseshoe_selected,1
inn1_wickets_lost,0.024517309,augmented_horseshoe_selected,1
batting_team_win_rate,0.023986602,augmented_horseshoe_selected,1
inn1_death_rr,0.02376955,augmented_horseshoe_selected,1
inn1_pp_runs,0.023616916,augmented_horseshoe_selected,1
batting_won_toss,0.023463879,augmented_horseshoe_selected,1
team_strength_diff,0.023450702,augmented_horseshoe_selected,1
required_run_rate,0.022309085,augmented_horseshoe_selected,1
rrr_times_wickets,0.022255035,augmented_horseshoe_selected,1
expected_final_score,0.021230692,augmented_horseshoe_selected,1
hs_i2pp_target_above_par_x_wickets,0.01996206,augmented_horseshoe_selected,1
hs_i2_target_above_par_x_wickets,0.019028226,augmented_horseshoe_selected,1
chase_difficulty,0.018126335,augmented_horseshoe_selected,1
hs_i2_resource_pressure,0.0171412,augmented_horseshoe_selected,1
projected_score,0.016685544,augmented_horseshoe_selected,1
projected_vs_venue_avg,0.016163228,augmented_horseshoe_selected,1
score_per_wicket,0.01603523,augmented_horseshoe_selected,1
runs_last_18,0.014342952,augmented_horseshoe_selected,1
hs_i2pp_target_x_early_wicket_shock,0.012837339,augmented_horseshoe_selected,1
pressure_index,0.012310163,augmented_horseshoe_selected,1
wickets_times_balls,0.012242796,augmented_horseshoe_selected,1
overs_remaining,0.012035411,augmented_horseshoe_selected,1
runs_last_12,0.010828992,augmented_horseshoe_selected,1
hs_i2death_target_x_venue_chase,0.009278243,augmented_horseshoe_selected,1
hs_i2pp_inn1_def_x_batting_wr,0.009233356,augmented_horseshoe_selected,1
hs_i1death_projected_vs_venue_x_wih,0.0091179805,augmented_horseshoe_selected,1
hs_i2pp_target_above_par_x_venue_chase,0.008839082,augmented_horseshoe_selected,1
hs_i1death_bowling_situation_x_wih,0.008832609,augmented_horseshoe_selected,1
hs_i1death_expected_final_x_wih,0.0071974285,augmented_horseshoe_selected,1
wickets_last_12,0.004985947,augmented_horseshoe_selected,1
boundary_pct_last_18,0.0046587093,augmented_horseshoe_selected,1
is_powerplay,0.0,augmented_horseshoe_selected,1
hs_i1death_resource_pressure,0.0,augmented_horseshoe_selected,1
hs_i2pp_early_chase_wicket_shock,0.0,augmented_horseshoe_selected,1
resource_win_prob,0.22580048,baseline_v6_features,2
dls_pressure_index,0.15997308,baseline_v6_features,2
score_vs_par,0.053519364,baseline_v6_features,2
run_rate_diff,0.035528604,baseline_v6_features,2
expected_final_score,0.029424172,baseline_v6_features,2
venue_chase_success,0.028107062,baseline_v6_features,2
inn1_defendability,0.027813964,baseline_v6_features,2
target_above_par,0.025128864,baseline_v6_features,2
bowling_team_situation_wr,0.02512482,baseline_v6_features,2
inn1_pp_runs,0.02508128,baseline_v6_features,2
rrr_times_wickets,0.024990654,baseline_v6_features,2
bowling_team_win_rate,0.024139684,baseline_v6_features,2
batting_team_situation_wr,0.023514235,baseline_v6_features,2
team_strength_diff,0.023395589,baseline_v6_features,2
inn1_death_rr,0.02329795,baseline_v6_features,2
situation_advantage,0.023245266,baseline_v6_features,2
inn1_wickets_lost,0.022517627,baseline_v6_features,2
batting_team_win_rate,0.02210876,baseline_v6_features,2
batting_won_toss,0.018892705,baseline_v6_features,2
projected_score,0.018817091,baseline_v6_features,2
required_run_rate,0.018243955,baseline_v6_features,2
projected_vs_venue_avg,0.017076157,baseline_v6_features,2
pressure_index,0.015014539,baseline_v6_features,2
chase_difficulty,0.014471741,baseline_v6_features,2
overs_remaining,0.014383146,baseline_v6_features,2
score_per_wicket,0.012623261,baseline_v6_features,2
wickets_last_12,0.010757072,baseline_v6_features,2
runs_last_18,0.010270201,baseline_v6_features,2
wickets_times_balls,0.010031321,baseline_v6_features,2
runs_last_12,0.0066229324,baseline_v6_features,2
is_powerplay,0.006212834,baseline_v6_features,2
boundary_pct_last_18,0.003871566,baseline_v6_features,2
resource_win_prob,0.1957828,augmented_all_candidates,2
dls_pressure_index,0.13667735,augmented_all_candidates,2
score_vs_par,0.04359448,augmented_all_candidates,2
expected_final_score,0.0250155,augmented_all_candidates,2
run_rate_diff,0.024492525,augmented_all_candidates,2
venue_chase_success,0.024145247,augmented_all_candidates,2
inn1_defendability,0.023285935,augmented_all_candidates,2
bowling_team_situation_wr,0.022261089,augmented_all_candidates,2
hs_i2death_dls_x_chase_difficulty,0.021721048,augmented_all_candidates,2
target_above_par,0.02142314,augmented_all_candidates,2
inn1_pp_runs,0.020995075,augmented_all_candidates,2
inn1_wickets_lost,0.02030804,augmented_all_candidates,2
hs_i2_target_above_par_x_wickets,0.019829523,augmented_all_candidates,2
batting_team_situation_wr,0.019676957,augmented_all_candidates,2
bowling_team_win_rate,0.019623911,augmented_all_candidates,2
situation_advantage,0.01922536,augmented_all_candidates,2
hs_i2_inn1_def_x_required_rr,0.019154051,augmented_all_candidates,2
inn1_death_rr,0.019076627,augmented_all_candidates,2
team_strength_diff,0.018952161,augmented_all_candidates,2
batting_team_win_rate,0.018837625,augmented_all_candidates,2
batting_won_toss,0.017326089,augmented_all_candidates,2
rrr_times_wickets,0.016805783,augmented_all_candidates,2
hs_i2mid_dls_x_resource,0.014796675,augmented_all_candidates,2
projected_vs_venue_avg,0.014740082,augmented_all_candidates,2
hs_i2pp_target_x_early_wicket_shock,0.014690212,augmented_all_candidates,2
projected_score,0.013603621,augmented_all_candidates,2
hs_i1death_bowling_situation_x_wih,0.012969142,augmented_all_candidates,2
chase_difficulty,0.011991913,augmented_all_candidates,2
hs_i2pp_target_above_par_x_wickets,0.011961905,augmented_all_candidates,2
wickets_last_12,0.011656748,augmented_all_candidates,2
wickets_times_balls,0.010389493,augmented_all_candidates,2
hs_i2pp_early_chase_wicket_shock,0.010073236,augmented_all_candidates,2
score_per_wicket,0.01000642,augmented_all_candidates,2
required_run_rate,0.009455585,augmented_all_candidates,2
hs_i2pp_inn1_def_x_batting_wr,0.008774246,augmented_all_candidates,2
pressure_index,0.008613214,augmented_all_candidates,2
runs_last_18,0.007994365,augmented_all_candidates,2
hs_i1death_expected_final_x_wih,0.0077788583,augmented_all_candidates,2
overs_remaining,0.0071053933,augmented_all_candidates,2
hs_i1death_score_vs_par_x_wih,0.0065889237,augmented_all_candidates,2
hs_i2_resource_pressure,0.0065463106,augmented_all_candidates,2
runs_last_12,0.006428844,augmented_all_candidates,2
hs_i1death_wickets_in_hand,0.006023613,augmented_all_candidates,2
hs_i2death_target_x_venue_chase,0.0051349537,augmented_all_candidates,2
hs_i1death_boundary_x_wih,0.004360362,augmented_all_candidates,2
is_powerplay,0.0036536388,augmented_all_candidates,2
boundary_pct_last_18,0.0034704057,augmented_all_candidates,2
hs_i2pp_target_above_par_x_venue_chase,0.0029815105,augmented_all_candidates,2
hs_i1death_projected_vs_venue_x_wih,0.0,augmented_all_candidates,2
hs_i1death_resource_pressure,0.0,augmented_all_candidates,2
hs_i2pp_required_minus_current_rr,0.0,augmented_all_candidates,2
resource_win_prob,0.19276518,augmented_horseshoe_selected,2
dls_pressure_index,0.16441439,augmented_horseshoe_selected,2
score_vs_par,0.046248283,augmented_horseshoe_selected,2
run_rate_diff,0.026828669,augmented_horseshoe_selected,2
inn1_defendability,0.024110189,augmented_horseshoe_selected,2
venue_chase_success,0.0235805,augmented_horseshoe_selected,2
expected_final_score,0.023341725,augmented_horseshoe_selected,2
bowling_team_situation_wr,0.022402763,augmented_horseshoe_selected,2
hs_i2_target_above_par_x_wickets,0.0221992,augmented_horseshoe_selected,2
target_above_par,0.021294335,augmented_horseshoe_selected,2
inn1_pp_runs,0.02107806,augmented_horseshoe_selected,2
inn1_wickets_lost,0.021037053,augmented_horseshoe_selected,2
projected_vs_venue_avg,0.020797987,augmented_horseshoe_selected,2
batting_team_situation_wr,0.020574948,augmented_horseshoe_selected,2
bowling_team_win_rate,0.019858085,augmented_horseshoe_selected,2
team_strength_diff,0.01979158,augmented_horseshoe_selected,2
situation_advantage,0.019732654,augmented_horseshoe_selected,2
rrr_times_wickets,0.01967388,augmented_horseshoe_selected,2
batting_team_win_rate,0.019342605,augmented_horseshoe_selected,2
hs_i2_inn1_def_x_required_rr,0.018773587,augmented_horseshoe_selected,2
inn1_death_rr,0.018469453,augmented_horseshoe_selected,2
batting_won_toss,0.017093698,augmented_horseshoe_selected,2
projected_score,0.016161602,augmented_horseshoe_selected,2
chase_difficulty,0.015306379,augmented_horseshoe_selected,2
hs_i1death_score_vs_par_x_wih,0.014206658,augmented_horseshoe_selected,2
hs_i2pp_target_x_early_wicket_shock,0.013197598,augmented_horseshoe_selected,2
hs_i2_resource_pressure,0.010751866,augmented_horseshoe_selected,2
pressure_index,0.010219223,augmented_horseshoe_selected,2
hs_i1death_bowling_situation_x_wih,0.010206969,augmented_horseshoe_selected,2
score_per_wicket,0.010191973,augmented_horseshoe_selected,2
hs_i2pp_early_chase_wicket_shock,0.009998035,augmented_horseshoe_selected,2
hs_i1death_expected_final_x_wih,0.009644624,augmented_horseshoe_selected,2
wickets_last_12,0.009540862,augmented_horseshoe_selected,2
wickets_times_balls,0.009189686,augmented_horseshoe_selected,2
required_run_rate,0.008587837,augmented_horseshoe_selected,2
hs_i2pp_inn1_def_x_batting_wr,0.0085368175,augmented_horseshoe_selected,2
overs_remaining,0.008320304,augmented_horseshoe_selected,2
hs_i2pp_target_above_par_x_wickets,0.0073774653,augmented_horseshoe_selected,2
hs_i2pp_target_above_par_x_venue_chase,0.0066076326,augmented_horseshoe_selected,2
runs_last_18,0.0059285457,augmented_horseshoe_selected,2
runs_last_12,0.0058750166,augmented_horseshoe_selected,2
boundary_pct_last_18,0.0042070816,augmented_horseshoe_selected,2
hs_i1death_projected_vs_venue_x_wih,0.0025348316,augmented_horseshoe_selected,2
is_powerplay,0.0,augmented_horseshoe_selected,2
hs_i1death_wickets_in_hand,0.0,augmented_horseshoe_selected,2
hs_i1death_resource_pressure,0.0,augmented_horseshoe_selected,2
resource_win_prob,0.24020101,baseline_v6_features,3
dls_pressure_index,0.15013243,baseline_v6_features,3
score_vs_par,0.07225137,baseline_v6_features,3
run_rate_diff,0.04531938,baseline_v6_features,3
expected_final_score,0.030098356,baseline_v6_features,3
target_above_par,0.025893055,baseline_v6_features,3
venue_chase_success,0.025593065,baseline_v6_features,3
inn1_pp_runs,0.024297215,baseline_v6_features,3
inn1_wickets_lost,0.02370476,baseline_v6_features,3
batting_won_toss,0.02335009,baseline_v6_features,3
bowling_team_situation_wr,0.023244211,baseline_v6_features,3
team_strength_diff,0.023078693,baseline_v6_features,3
inn1_defendability,0.022851098,baseline_v6_features,3
inn1_death_rr,0.021967849,baseline_v6_features,3
bowling_team_win_rate,0.021888638,baseline_v6_features,3
required_run_rate,0.021880904,baseline_v6_features,3
batting_team_situation_wr,0.021528745,baseline_v6_features,3
situation_advantage,0.02151971,baseline_v6_features,3
batting_team_win_rate,0.020492177,baseline_v6_features,3
projected_score,0.019010138,baseline_v6_features,3
projected_vs_venue_avg,0.01892103,baseline_v6_features,3
score_per_wicket,0.016414419,baseline_v6_features,3
pressure_index,0.01395191,baseline_v6_features,3
rrr_times_wickets,0.013043511,baseline_v6_features,3
chase_difficulty,0.011726849,baseline_v6_features,3
overs_remaining,0.011531461,baseline_v6_features,3
wickets_times_balls,0.009699797,baseline_v6_features,3
runs_last_18,0.00828822,baseline_v6_features,3
runs_last_12,0.007247696,baseline_v6_features,3
wickets_last_12,0.00526498,baseline_v6_features,3
boundary_pct_last_18,0.0031481504,baseline_v6_features,3
is_powerplay,0.002459083,baseline_v6_features,3
resource_win_prob,0.20628864,augmented_all_candidates,3
dls_pressure_index,0.110233776,augmented_all_candidates,3
score_vs_par,0.058900174,augmented_all_candidates,3
run_rate_diff,0.030135324,augmented_all_candidates,3
expected_final_score,0.023633758,augmented_all_candidates,3
venue_chase_success,0.022071682,augmented_all_candidates,3
target_above_par,0.020722704,augmented_all_candidates,3
required_run_rate,0.020659154,augmented_all_candidates,3
batting_won_toss,0.020395307,augmented_all_candidates,3
hs_i2_target_above_par_x_wickets,0.01985201,augmented_all_candidates,3
inn1_defendability,0.019682288,augmented_all_candidates,3
hs_i2death_dls_x_chase_difficulty,0.01917459,augmented_all_candidates,3
team_strength_diff,0.019122295,augmented_all_candidates,3
inn1_pp_runs,0.019066665,augmented_all_candidates,3
inn1_wickets_lost,0.018768538,augmented_all_candidates,3
bowling_team_win_rate,0.018573394,augmented_all_candidates,3
projected_score,0.018501194,augmented_all_candidates,3
batting_team_situation_wr,0.018411634,augmented_all_candidates,3
bowling_team_situation_wr,0.018237805,augmented_all_candidates,3
inn1_death_rr,0.018230438,augmented_all_candidates,3
situation_advantage,0.01815041,augmented_all_candidates,3
hs_i2pp_target_x_early_wicket_shock,0.017334213,augmented_all_candidates,3
projected_vs_venue_avg,0.016632298,augmented_all_candidates,3
hs_i2_inn1_def_x_required_rr,0.016432755,augmented_all_candidates,3
batting_team_win_rate,0.015903244,augmented_all_candidates,3
hs_i2pp_target_above_par_x_wickets,0.014495671,augmented_all_candidates,3
score_per_wicket,0.013518165,augmented_all_candidates,3
rrr_times_wickets,0.011837444,augmented_all_candidates,3
hs_i1death_score_vs_par_x_wih,0.011085212,augmented_all_candidates,3
chase_difficulty,0.009989389,augmented_all_candidates,3
pressure_index,0.009828459,augmented_all_candidates,3
hs_i1death_expected_final_x_wih,0.009229794,augmented_all_candidates,3
hs_i2pp_inn1_def_x_batting_wr,0.0088654645,augmented_all_candidates,3
hs_i1death_boundary_x_wih,0.008666901,augmented_all_candidates,3
hs_i1death_projected_vs_venue_x_wih,0.008539912,augmented_all_candidates,3
hs_i1death_bowling_situation_x_wih,0.008163636,augmented_all_candidates,3
wickets_times_balls,0.007939561,augmented_all_candidates,3
hs_i2mid_dls_x_resource,0.0076704267,augmented_all_candidates,3
runs_last_18,0.00757102,augmented_all_candidates,3
wickets_last_12,0.007234561,augmented_all_candidates,3
overs_remaining,0.0070077814,augmented_all_candidates,3
runs_last_12,0.006976755,augmented_all_candidates,3
hs_i2pp_target_above_par_x_venue_chase,0.0065003536,augmented_all_candidates,3
hs_i2death_target_x_venue_chase,0.006376917,augmented_all_candidates,3
hs_i2_resource_pressure,0.0054891254,augmented_all_candidates,3
hs_i2pp_early_chase_wicket_shock,0.0051052286,augmented_all_candidates,3
hs_i2pp_required_minus_current_rr,0.0049298434,augmented_all_candidates,3
boundary_pct_last_18,0.002975786,augmented_all_candidates,3
hs_i1death_resource_pressure,0.0029413092,augmented_all_candidates,3
is_powerplay,0.001946913,augmented_all_candidates,3
hs_i1death_wickets_in_hand,0.0,augmented_all_candidates,3
resource_win_prob,0.20327757,augmented_horseshoe_selected,3
dls_pressure_index,0.11074126,augmented_horseshoe_selected,3
score_vs_par,0.06401559,augmented_horseshoe_selected,3
run_rate_diff,0.036730424,augmented_horseshoe_selected,3
expected_final_score,0.023653738,augmented_horseshoe_selected,3
venue_chase_success,0.02180792,augmented_horseshoe_selected,3
target_above_par,0.021364965,augmented_horseshoe_selected,3
hs_i2death_dls_x_chase_difficulty,0.020500636,augmented_horseshoe_selected,3
hs_i2_target_above_par_x_wickets,0.020369073,augmented_horseshoe_selected,3
inn1_wickets_lost,0.020286312,augmented_horseshoe_selected,3
team_strength_diff,0.019992791,augmented_horseshoe_selected,3
inn1_pp_runs,0.019844403,augmented_horseshoe_selected,3
batting_won_toss,0.019782802,augmented_horseshoe_selected,3
inn1_defendability,0.019430432,augmented_horseshoe_selected,3
bowling_team_situation_wr,0.019090356,augmented_horseshoe_selected,3
hs_i2pp_target_above_par_x_wickets,0.01899141,augmented_horseshoe_selected,3
projected_score,0.018164355,augmented_horseshoe_selected,3
situation_advantage,0.018113973,augmented_horseshoe_selected,3
inn1_death_rr,0.018051242,augmented_horseshoe_selected,3
hs_i2pp_target_x_early_wicket_shock,0.018014137,augmented_horseshoe_selected,3
batting_team_situation_wr,0.017855352,augmented_horseshoe_selected,3
bowling_team_win_rate,0.01773908,augmented_horseshoe_selected,3
batting_team_win_rate,0.017185125,augmented_horseshoe_selected,3
required_run_rate,0.017060809,augmented_horseshoe_selected,3
projected_vs_venue_avg,0.015851809,augmented_horseshoe_selected,3
score_per_wicket,0.014143073,augmented_horseshoe_selected,3
pressure_index,0.013340541,augmented_horseshoe_selected,3
hs_i1death_expected_final_x_wih,0.010853108,augmented_horseshoe_selected,3
hs_i1death_score_vs_par_x_wih,0.010762588,augmented_horseshoe_selected,3
wickets_last_12,0.010627991,augmented_horseshoe_selected,3
hs_i1death_projected_vs_venue_x_wih,0.010448429,augmented_horseshoe_selected,3
chase_difficulty,0.010290026,augmented_horseshoe_selected,3
hs_i2pp_inn1_def_x_batting_wr,0.008962063,augmented_horseshoe_selected,3
wickets_times_balls,0.008339401,augmented_horseshoe_selected,3
rrr_times_wickets,0.0074120197,augmented_horseshoe_selected,3
overs_remaining,0.0072747176,augmented_horseshoe_selected,3
hs_i1death_bowling_situation_x_wih,0.0069526723,augmented_horseshoe_selected,3
runs_last_18,0.0068770647,augmented_horseshoe_selected,3
hs_i2pp_early_chase_wicket_shock,0.0068630865,augmented_horseshoe_selected,3
hs_i2mid_dls_x_resource,0.0065888404,augmented_horseshoe_selected,3
hs_i1death_wickets_in_hand,0.0065542385,augmented_horseshoe_selected,3
hs_i2death_target_x_venue_chase,0.0060362183,augmented_horseshoe_selected,3
runs_last_12,0.00587883,augmented_horseshoe_selected,3
hs_i1death_resource_pressure,0.0054573137,augmented_horseshoe_selected,3
hs_i2pp_target_above_par_x_venue_chase,0.0054527773,augmented_horseshoe_selected,3
hs_i2pp_required_minus_current_rr,0.0051499414,augmented_horseshoe_selected,3
hs_i2_resource_pressure,0.004930426,augmented_horseshoe_selected,3
boundary_pct_last_18,0.0028890048,augmented_horseshoe_selected,3
is_powerplay,0.0,augmented_horseshoe_selected,3
