season,over,ball,overs,score,wickets_lost,target_above_par,current_run_rate,required_run_rate,overs_remaining,balls_remaining,resource_win_prob,partnership_solidity,set_batter_exposure,runs_last_18,near_srh_market_prob_norm,scorecard_replay,v7_cal,partnership_solidity_v2,set_batter_exposure_v2,recent_rate_edge_v2,recent_rate_positive_v2,chase_completion_v2,chase_completion_effect_v2,wicket_safety_v2,phase_pp_v2,phase_mid_v2,phase_late_mid_v2,phase_death_v2,target_below_par_v2,target_above_par_v2,target_par_v2,mid_accel_gate_v2,mid_accel_strength_v2,resource_context_global,resource_phase_target_context,resource_mid_accel_gate_only
2026,0,1,0.0,0.0,0,7.550000000000011,0.0,9.05,20.0,120,0.3934798719118587,0.3158333333333333,0.5,0.0,0.6059880239520959,0.5560716413812694,0.3912599750419521,0.3158333333333333,0.0125,-1.0,0.0,0.0,0.0,1.0,1.0,0.0,0.0,0.0,0.0,0.0,1.0,0.0,0.0,0.398125311176803,0.39901848337682655,0.3934798719118587
2026,0,1,0.1,0.0,0,7.550000000000011,0.0,9.126050420168069,19.833333333333332,119,0.3843098316114405,0.3316666666666666,1.0,0.0,0.6210153482880755,0.4722607527051227,0.3616978280943219,0.3316666666666666,0.025,-1.0,0.0,0.0,0.0,1.0,1.0,0.0,0.0,0.0,0.0,0.0,1.0,0.0,0.0,0.3897643544751397,0.3904508132886957,0.3843098316114405
2026,0,2,0.2,4.0,0,7.550000000000011,12.0,9.0,19.666666666666668,118,0.4076555812126452,0.345,1.0,4.0,0.6648106904231625,0.8379888268156425,0.5367952469879319,0.345,0.025,-1.0,0.0,0.022099447513812154,0.0055248618784530384,1.0,1.0,0.0,0.0,0.0,0.0,0.0,1.0,0.0,0.0,0.41643499824763114,0.41662800110398396,0.4076555812126452
2026,0,3,0.3,4.0,0,7.550000000000011,8.0,9.076923076923077,19.5,117,0.39823120560570474,0.3633333333333333,2.0,4.0,0.6692477876106194,0.283491876558771,0.4334343642087326,0.3633333333333333,0.05,-1.0,0.0,0.022099447513812154,0.0055248618784530384,1.0,1.0,0.0,0.0,0.0,0.0,0.0,1.0,0.0,0.0,0.40806353171536375,0.4081271989479143,0.39823120560570474
2026,0,4,0.4,4.0,0,7.550000000000011,6.0,9.155172413793103,19.333333333333332,116,0.38866925157562215,0.3766666666666666,2.0,4.0,0.6692477876106194,0.2514916591755322,0.4106667631228226,0.3766666666666666,0.05,-1.0,0.0,0.022099447513812157,0.005524861878453039,1.0,1.0,0.0,0.0,0.0,0.0,0.0,1.0,0.0,0.0,0.39902326813767086,0.3988104662765463,0.38866925157562215
2026,0,5,0.5,8.0,0,7.550000000000011,9.6,9.02608695652174,19.166666666666668,115,0.41259825728604943,0.395,3.0,8.0,0.6857451403887689,0.3260409694204032,0.5074730897636494,0.395,0.075,-0.953913043478261,0.0,0.0441988950276243,0.011049723756906075,1.0,1.0,0.0,0.0,0.0,0.0,0.0,1.0,0.0,0.0,0.42851098258068576,0.4275628984775522,0.41259825728604943
2026,0,5,0.5,9.0,0,7.550000000000011,10.799999999999999,8.97391304347826,19.166666666666668,115,0.42114632390445494,0.395,3.0,8.0,0.6808278867102397,0.5793650793650794,0.5391631160878444,0.395,0.075,-0.946086956521739,0.0,0.049723756906077346,0.012430939226519336,1.0,1.0,0.0,0.0,0.0,0.0,0.0,1.0,0.0,0.0,0.43807869005742817,0.4370045330406659,0.42114632390445494
2026,1,1,1.0,10.0,0,7.550000000000011,10.0,9.0,19.0,114,0.41994947631378055,0.4133333333333333,4.0,9.0,0.6874328678839957,0.3646547000792017,0.5202200603801529,0.4133333333333333,0.1,-0.9,0.0,0.06386861313868614,0.015967153284671534,1.0,1.0,0.0,0.0,0.0,0.0,0.0,1.0,0.0,0.0,0.441319787249179,0.4395917826734865,0.41994947631378055
2026,1,1,1.1,10.0,0,7.550000000000011,8.571428571428571,9.079646017699115,18.833333333333332,113,0.40999379800605845,0.4266666666666666,4.0,9.0,0.674342105263158,0.2891702963785512,0.4561331914967841,0.4266666666666666,0.1,-0.9119469026548673,0.0,0.055248618784530384,0.013812154696132596,1.0,1.0,0.0,0.0,0.0,0.0,0.0,1.0,0.0,0.0,0.43040454518955185,0.4285905298162902,0.40999379800605845
2026,1,2,1.2,11.0,0,7.550000000000011,8.25,9.107142857142856,18.666666666666668,112,0.40857661837179154,0.4449999999999999,5.0,10.0,0.6644370122630991,0.2838977347061933,0.4523958330269171,0.4449999999999999,0.125,-0.8660714285714285,0.0,0.06077348066298342,0.015193370165745856,1.0,1.0,0.0,0.0,0.0,0.0,0.0,1.0,0.0,0.0,0.4323635469848917,0.4299902891517417,0.40857661837179154
2026,1,3,1.3,15.0,0,7.550000000000011,10.0,8.972972972972974,18.5,111,0.4337048969866953,0.4583333333333333,5.0,14.0,0.6783369803063457,0.3723891679946882,0.5462939563491297,0.4583333333333333,0.125,-0.645945945945946,0.0,0.08287292817679558,0.020718232044198894,1.0,1.0,0.0,0.0,0.0,0.0,0.0,1.0,0.0,0.0,0.4689183847929848,0.4641893873357387,0.4337048969866953
2026,1,4,1.4,15.0,0,7.550000000000011,9.0,9.054545454545455,18.333333333333332,110,0.4233442875441662,0.4766666666666667,6.0,14.0,0.6808278867102397,0.3179833552450357,0.4802481983657558,0.4766666666666667,0.15,-0.6581818181818182,0.0,0.08287292817679558,0.020718232044198894,1.0,1.0,0.0,0.0,0.0,0.0,0.0,1.0,0.0,0.0,0.4591125587053182,0.45436598851072696,0.4233442875441662
2026,1,5,1.5,15.0,0,7.550000000000011,8.181818181818182,9.137614678899082,18.166666666666668,109,0.41280610101686394,0.495,7.0,14.0,0.6758241758241759,0.283624752373933,0.4628231200489991,0.495,0.175,-0.6706422018348622,0.0,0.08287292817679558,0.020718232044198894,1.0,1.0,0.0,0.0,0.0,0.0,0.0,1.0,0.0,0.0,0.4490807775585435,0.44432281829355824,0.41280610101686394
2026,2,1,2.0,15.0,0,7.550000000000011,7.5,9.222222222222221,18.0,108,0.40209791420560304,0.5083333333333333,7.0,14.0,0.6591676040494938,0.2721370239390433,0.4440318554049514,0.5083333333333333,0.175,-0.6833333333333332,0.0,0.08916323731138547,0.022290809327846366,1.0,1.0,0.0,0.0,0.0,0.0,0.0,1.0,0.0,0.0,0.439058707475213,0.4340771664058207,0.40209791420560304
2026,2,1,2.1,16.0,0,7.550000000000011,7.384615384615385,9.25233644859813,17.833333333333332,107,0.40026593545762174,0.5266666666666666,8.0,15.0,0.6707317073170732,0.2643216690803935,0.4413848347538501,0.5266666666666666,0.2,-0.6378504672897197,0.0,0.08839779005524862,0.022099447513812154,1.0,1.0,0.0,0.0,0.0,0.0,0.0,1.0,0.0,0.0,0.43982468245855844,0.43435154753544003,0.40026593545762174
2026,2,2,2.2,18.0,0,7.550000000000011,7.7142857142857135,9.226415094339622,17.666666666666668,106,0.4075229293280707,0.54,8.0,17.0,0.6569178852643419,0.2658042430919763,0.4619306252640566,0.54,0.2,-0.5339622641509433,0.0,0.09944751381215469,0.024861878453038673,1.0,1.0,0.0,0.0,0.0,0.0,0.0,1.0,0.0,0.0,0.4528791749359628,0.44612885333316127,0.4075229293280707
2026,2,3,2.3,18.0,1,7.550000000000011,7.2,9.314285714285715,17.5,105,0.3963328523780073,0.2699999999999999,9.0,17.0,0.5168539325842697,0.2305602126974131,0.3031331242466319,0.2699999999999999,0.225,-0.5471428571428572,0.0,0.09944751381215469,0.024861878453038673,0.8571428571428571,1.0,0.0,0.0,0.0,0.0,0.0,1.0,0.0,0.0,0.3515962272314804,0.33300160311082233,0.3963328523780073
2026,2,4,2.4,18.0,1,7.550000000000011,6.75,9.403846153846155,17.333333333333332,104,0.38498054339392823,0.2833333333333333,9.0,17.0,0.523153942428035,0.2074312679950203,0.2879545519406665,0.2833333333333333,0.225,-0.5605769230769233,0.0,0.09944751381215469,0.024861878453038673,0.8571428571428571,1.0,0.0,0.0,0.0,0.0,0.0,1.0,0.0,0.0,0.34093533047203295,0.3224689340879253,0.38498054339392823
2026,2,5,2.5,18.0,1,7.550000000000011,6.352941176470588,9.495145631067961,17.166666666666668,103,0.3734777738558824,0.3016666666666666,10.0,17.0,0.50187265917603,0.1821794820594517,0.2748383153181649,0.3016666666666666,0.25,-0.5742718446601941,0.0,0.09944751381215468,0.02486187845303867,0.8571428571428571,1.0,0.0,0.0,0.0,0.0,0.0,1.0,0.0,0.0,0.3306334093577461,0.31244316319377347,0.3734777738558824
2026,3,1,3.0,19.0,1,7.550000000000011,6.333333333333333,9.529411764705882,17.0,102,0.3710418339940547,0.3149999999999999,10.0,18.0,0.4981273408239701,0.1824791119065032,0.2743939895509366,0.3149999999999999,0.25,-0.5294117647058822,0.0,0.11016173329264571,0.027540433323161428,0.8571428571428571,1.0,0.0,0.0,0.0,0.0,0.0,1.0,0.0,0.0,0.33144964288729023,0.31257311143658345,0.3710418339940547
2026,3,1,3.1,23.0,1,7.550000000000011,7.2631578947368425,9.386138613861387,16.833333333333332,101,0.3968727204561925,0.3333333333333333,11.0,22.0,0.5081351689612015,0.2231936185551942,0.3017903721081645,0.3333333333333333,0.275,-0.3079207920792081,0.0,0.1270718232044199,0.031767955801104975,0.8571428571428571,1.0,0.0,0.0,0.0,0.0,0.0,1.0,0.0,0.0,0.3663320758592874,0.3445699464784923,0.3968727204561925
2026,3,2,3.2,23.0,1,7.550000000000011,6.8999999999999995,9.479999999999999,16.666666666666668,100,0.3848283367051585,0.3466666666666666,11.0,18.0,0.5255292652552926,0.2081276846654419,0.2893263982609619,0.3466666666666666,0.275,-0.5219999999999999,0.0,0.1270718232044199,0.031767955801104975,0.8571428571428571,1.0,0.0,0.0,0.0,0.0,0.0,1.0,0.0,0.0,0.34828572959524545,0.32833864653124273,0.3848283367051585
2026,3,3,3.3,23.0,1,7.550000000000011,6.571428571428571,9.575757575757576,16.5,99,0.37262464697932035,0.36,11.0,18.0,0.5131414267834793,0.1881358606924482,0.285148767698958,0.36,0.275,-0.5363636363636364,0.0,0.1270718232044199,0.031767955801104975,0.8571428571428571,1.0,0.0,0.0,0.0,0.0,0.0,1.0,0.0,0.0,0.3367098208814813,0.31695610496220394,0.37262464697932035
2026,3,4,3.4,27.0,1,7.550000000000011,7.363636363636364,9.428571428571429,16.333333333333332,98,0.3991282453832017,0.3783333333333333,12.0,22.0,0.5261845386533667,0.2231887541003219,0.3141399376839884,0.3783333333333333,0.3,-0.3142857142857142,0.0,0.14917127071823205,0.03729281767955801,0.8571428571428571,1.0,0.0,0.0,0.0,0.0,0.0,1.0,0.0,0.0,0.37306335911736194,0.3503114638401414,0.3991282453832017
2026,3,5,3.5,27.0,1,7.550000000000011,7.0434782608695645,9.525773195876289,16.166666666666668,97,0.38652533920870413,0.3916666666666666,12.0,18.0,0.5323383084577115,0.2091547767125371,0.3011831870723329,0.3916666666666666,0.3,-0.5288659793814432,0.0,0.14917127071823205,0.03729281767955801,0.8571428571428571,1.0,0.0,0.0,0.0,0.0,0.0,1.0,0.0,0.0,0.35433951270991,0.3334347036311061,0.38652533920870413
2026,4,1,4.0,31.0,1,7.550000000000011,7.75,9.375,16.0,96,0.41395259979644344,0.4049999999999999,12.0,21.0,0.5682656826568265,0.2434059551185652,0.3412341581821785,0.4049999999999999,0.3,-0.35625,0.0,0.17714285714285716,0.04428571428571429,0.8571428571428571,1.0,0.0,0.0,0.0,0.0,0.0,1.0,0.0,0.0,0.39054574147601784,0.3668614837295958,0.41395259979644344
2026,4,1,4.1,35.0,1,7.550000000000011,8.399999999999999,9.221052631578948,15.833333333333334,95,0.44245178799875623,0.4233333333333333,13.0,25.0,0.5883777239709443,0.2587645127610744,0.4318931618903009,0.4233333333333333,0.325,-0.13315789473684206,0.0,0.19337016574585636,0.04834254143646409,0.8571428571428571,1.0,0.0,0.0,0.0,0.0,0.0,1.0,0.0,0.0,0.42940554464316927,0.4028714234164288,0.44245178799875623
2026,4,2,4.2,36.0,1,7.550000000000011,8.307692307692308,9.25531914893617,15.666666666666666,94,0.43988176847318455,0.4366666666666666,13.0,25.0,0.5910735826296744,0.2635038524474509,0.4269550308736423,0.4366666666666666,0.325,-0.1382978723404255,0.0,0.19889502762430938,0.049723756906077346,0.8571428571428571,1.0,0.0,0.0,0.0,0.0,0.0,1.0,0.0,0.0,0.42794502003733675,0.40114522618574905,0.43988176847318455
2026,4,3,4.3,36.0,1,7.550000000000011,8.0,9.35483870967742,15.5,93,0.4265241369134913,0.53,14.0,21.0,0.5925030229746071,0.2581779062999048,0.3991744137747615,0.53,0.35,-0.353225806451613,0.0,0.19889502762430938,0.049723756906077346,0.8571428571428571,1.0,0.0,0.0,0.0,0.0,0.0,1.0,0.0,0.0,0.4117959382970201,0.38533991602823964,0.4265241369134913
2026,4,4,4.4,36.0,1,7.550000000000011,7.7142857142857135,9.456521739130434,15.333333333333334,92,0.4129193151650743,0.5433333333333333,14.0,21.0,0.587378640776699,0.2391285685477311,0.3665115748584678,0.5433333333333333,0.35,-0.36847826086956503,0.0,0.19889502762430938,0.049723756906077346,0.8571428571428571,1.0,0.0,0.0,0.0,0.0,0.0,1.0,0.0,0.0,0.3984147988242567,0.3721225201326611,0.4129193151650743
2026,4,5,4.5,37.0,1,7.550000000000011,7.655172413793104,9.494505494505495,15.166666666666666,91,0.4097884688000902,0.5566666666666666,14.0,22.0,0.5668711656441718,0.2397952032879673,0.3675090187098501,0.5566666666666666,0.35,-0.3241758241758241,0.0,0.20441988950276244,0.05110497237569061,0.8571428571428571,1.0,0.0,0.0,0.0,0.0,0.0,1.0,0.0,0.0,0.39807422254851504,0.3711270077022966,0.4097884688000902
2026,5,1,5.0,38.0,1,7.550000000000011,7.6,9.533333333333333,15.0,90,0.40652765287245285,0.575,15.0,23.0,0.5668711656441718,0.2406491543126513,0.3742675642203691,0.575,0.375,-0.2800000000000001,0.0,0.21543525969275787,0.05385881492318947,0.8571428571428571,1.0,0.0,0.0,0.0,0.0,0.0,1.0,0.0,0.0,0.39873938186728203,0.3712027241657216,0.40652765287245285
2026,5,1,5.1,38.0,1,7.550000000000011,7.354838709677419,9.640449438202246,14.833333333333334,89,0.3922501192509436,0.5883333333333334,15.0,22.0,0.5658056580565806,0.2223773013441888,0.36074322024134,0.5883333333333334,0.375,-0.34606741573033695,0.0,0.20994475138121546,0.052486187845303865,0.8571428571428571,1.0,0.0,0.0,0.0,0.0,0.0,1.0,0.0,0.0,0.3822940728752794,0.35550931994532664,0.3922501192509436
2026,5,2,5.2,39.0,1,7.550000000000011,7.3125,9.681818181818182,14.666666666666666,88,0.38862989351498706,0.6066666666666667,16.0,21.0,0.5409429280397022,0.2217417546895605,0.3588331323510321,0.6066666666666667,0.4,-0.40227272727272734,0.0,0.2154696132596685,0.05386740331491713,0.8571428571428571,1.0,0.0,0.0,0.0,0.0,0.0,1.0,0.0,0.0,0.3785431109659991,0.352118126923031,0.38862989351498706
2026,5,3,5.3,39.0,1,7.550000000000011,7.090909090909091,9.793103448275861,14.5,87,0.373926125003726,0.62,16.0,21.0,0.5391304347826087,0.1961446635769577,0.3495028159101697,0.62,0.4,-0.4189655172413792,0.0,0.2154696132596685,0.05386740331491713,0.8571428571428571,1.0,0.0,0.0,0.0,0.0,0.0,1.0,0.0,0.0,0.36402370590424443,0.3379261112098145,0.373926125003726
2026,5,4,5.4,39.0,1,7.550000000000011,6.88235294117647,9.906976744186046,14.333333333333334,86,0.35905006227871833,0.6333333333333333,16.0,21.0,0.5068664169787765,0.1708273012574229,0.3278219511462934,0.6333333333333333,0.4,-0.436046511627907,0.0,0.2154696132596685,0.05386740331491713,0.8571428571428571,1.0,0.0,0.0,0.0,0.0,0.0,1.0,0.0,0.0,0.3493386102505533,0.32362876231723947,0.35905006227871833
2026,5,5,5.5,45.0,1,7.550000000000011,7.714285714285714,9.6,14.166666666666666,85,0.4109799001247028,0.6516666666666666,17.0,27.0,0.5218476903870162,0.2454571167270927,0.4017353074748994,0.6516666666666666,0.425,-0.08999999999999986,0.0,0.24861878453038674,0.062154696132596686,0.8571428571428571,1.0,0.0,0.0,0.0,0.0,0.0,1.0,0.0,0.0,0.417677620829197,0.38679038117120534,0.4109799001247028
2026,6,1,6.0,45.0,1,7.550000000000011,7.5,9.714285714285714,14.0,84,0.3954946234482087,0.665,17.0,26.0,0.5354919053549191,0.2226803966957762,0.4009790367560153,0.665,0.425,-0.15714285714285695,0.0,0.25377229080932784,0.06344307270233196,0.8571428571428571,1.0,0.0,0.0,0.0,0.0,0.0,1.0,0.0,0.0,0.4010170248545083,0.37077284229285534,0.3954946234482087
2026,6,1,6.1,45.0,1,7.550000000000011,7.297297297297297,9.831325301204819,13.833333333333334,83,0.37977888423712797,0.6833333333333333,18.0,22.0,0.5068664169787765,0.1922581837956063,0.3876072066121386,0.6833333333333333,0.45,-0.37469879518072274,0.0,0.24861878453038674,0.062154696132596686,0.8571428571428571,1.0,0.0,0.0,0.0,0.0,0.0,1.0,0.0,0.0,0.3784024810587538,0.3504253738805669,0.37977888423712797
2026,6,2,6.2,46.0,1,7.550000000000011,7.2631578947368425,9.878048780487806,13.666666666666666,82,0.3753559297621453,0.6966666666666668,18.0,23.0,0.5068664169787765,0.1813680284801553,0.3840194817793593,0.6966666666666668,0.45,-0.33170731707317086,0.0,0.2541436464088398,0.06353591160220995,0.8571428571428571,1.0,0.0,0.0,0.0,0.0,0.0,1.0,0.0,0.0,0.3766403181711077,0.34808501957097404,0.3753559297621453
2026,6,3,6.3,47.0,1,7.550000000000011,7.230769230769231,9.925925925925926,13.5,81,0.3707722516465582,0.71,18.0,24.0,0.5031289111389236,0.181367877775873,0.37448677838056,0.71,0.45,-0.2888888888888889,0.0,0.2596685082872928,0.0649171270718232,0.8571428571428571,1.0,0.0,0.0,0.0,0.0,0.0,1.0,0.0,0.0,0.37469343045107517,0.34557181215504584,0.3707722516465582
2026,6,4,6.4,47.0,1,7.550000000000011,7.05,10.049999999999999,13.333333333333334,80,0.35437572422097746,0.7283333333333333,19.0,20.0,0.5093632958801498,0.1435925536836197,0.3581087502826636,0.7283333333333333,0.475,-0.5075,0.0,0.2596685082872928,0.0649171270718232,0.8571428571428571,1.0,0.0,0.0,0.0,0.0,0.0,1.0,0.0,0.0,0.3521444592200285,0.32532631957550595,0.35437572422097746
2026,6,5,6.5,47.0,1,7.550000000000011,6.878048780487805,10.177215189873419,13.166666666666666,79,0.3378406643964019,0.7416666666666667,19.0,20.0,0.4856429463171036,0.135995721416637,0.3369171745498401,0.7416666666666667,0.475,-0.5265822784810128,0.0,0.2596685082872928,0.0649171270718232,0.8571428571428571,1.0,0.0,0.0,0.0,0.0,0.0,1.0,0.0,0.0,0.33561227554744105,0.3093398280238851,0.3378406643964019
2026,7,1,7.0,53.0,1,7.550000000000011,7.571428571428571,9.846153846153847,13.0,78,0.3924261673221401,0.755,19.0,22.0,0.5354919053549191,0.2478435588871084,0.4135733471903743,0.755,0.475,-0.376923076923077,0.0,0.2977139124755062,0.17862834748530373,0.8571428571428571,0.0,1.0,0.0,0.0,0.0,0.0,1.0,0.0,0.0,0.44961520954412837,0.41733429936311056,0.3924261673221401
2026,7,1,7.1,54.0,1,7.550000000000011,7.534883720930233,9.896103896103895,12.833333333333334,77,0.38743180566774343,0.7733333333333333,20.0,19.0,0.5633456334563346,0.2478435564937988,0.3999937459300601,0.7733333333333333,0.5,-0.5344155844155842,0.0,0.2983425414364641,0.17900552486187846,0.8571428571428571,0.0,1.0,0.0,0.0,0.0,0.0,1.0,0.0,0.0,0.4402091994170384,0.4092098323154484,0.38743180566774343
2026,7,2,7.2,55.0,1,7.550000000000011,7.5,9.947368421052632,12.666666666666666,76,0.3822517672992034,0.7866666666666666,20.0,19.0,0.5693251533742332,0.2478435551059198,0.3973512658990688,0.7866666666666666,0.5,-0.5421052631578949,0.0,0.30386740331491713,0.18232044198895028,0.8571428571428571,0.0,1.0,0.0,0.0,0.0,0.0,1.0,0.0,0.0,0.43675609867281057,0.40547104063113315,0.3822517672992034
2026,7,3,7.3,56.0,1,7.550000000000011,7.466666666666667,10.0,12.5,75,0.3768819450106447,0.8049999999999999,21.0,20.0,0.5787545787545787,0.2448010794960342,0.3971707256111598,0.8049999999999999,0.525,-0.5,0.0,0.30939226519337015,0.18563535911602208,0.8571428571428571,0.0,1.0,0.0,0.0,0.0,0.0,1.0,0.0,0.0,0.4353462895621554,0.4034931485926183,0.3768819450106447
2026,7,4,7.4,56.0,2,7.550000000000011,7.304347826086956,10.135135135135135,12.333333333333334,74,0.3586533274999307,0.3299999999999999,21.0,20.0,0.4109090909090909,0.1444992438532728,0.2450073284250443,0.3299999999999999,0.525,-0.5202702702702702,0.0,0.30939226519337015,0.18563535911602208,0.7142857142857143,0.0,1.0,0.0,0.0,0.0,0.0,1.0,0.0,0.0,0.3195869186372668,0.28394364793370785,0.3586533274999307
2026,7,5,7.5,56.0,2,7.550000000000011,7.1489361702127665,10.273972602739727,12.166666666666666,73,0.3402637382178778,0.3333333333333333,19.0,19.0,0.3477272727272727,0.1421528977973067,0.2356520347951518,0.3333333333333333,0.475,-0.5910958904109591,0.0,0.30939226519337015,0.18563535911602208,0.7142857142857143,0.0,1.0,0.0,0.0,0.0,0.0,1.0,0.0,0.0,0.29976999460214027,0.26546196535469474,0.3402637382178778
2026,8,1,8.0,57.0,2,7.550000000000011,7.125,10.333333333333334,12.0,72,0.33415386235278205,0.3516666666666666,20.0,19.0,0.3547646383467279,0.1411173306556501,0.2365761443161488,0.3516666666666666,0.5,-0.6,0.0,0.3193825042881646,0.19162950257289876,0.7142857142857143,0.0,1.0,0.0,0.0,0.0,0.0,1.0,0.0,0.0,0.2971879086754396,0.2628206040268049,0.33415386235278205
2026,8,1,8.1,58.0,2,7.550000000000011,7.102040816326531,10.394366197183098,11.833333333333334,71,0.32785073299607426,0.365,20.0,20.0,0.3454133635334088,0.1417994200300676,0.2334630799715706,0.365,0.5,-0.5591549295774648,0.0,0.32044198895027626,0.19226519337016576,0.7142857142857143,0.0,1.0,0.0,0.0,0.0,0.0,1.0,0.0,0.0,0.2932558677144489,0.25867641342295056,0.32785073299607426
2026,8,2,8.2,59.0,2,7.550000000000011,7.079999999999999,10.457142857142857,11.666666666666666,70,0.32135269840781233,0.3783333333333333,20.0,20.0,0.3393057110862262,0.1396517736710099,0.2321140029187089,0.3783333333333333,0.5,-0.5685714285714287,0.0,0.3259668508287293,0.19558011049723756,0.7142857142857143,0.0,1.0,0.0,0.0,0.0,0.0,1.0,0.0,0.0,0.28871086502621374,0.2542077909981027,0.32135269840781233
2026,8,3,8.3,59.0,2,7.550000000000011,6.9411764705882355,10.608695652173912,11.5,69,0.3021590515883558,0.3966666666666666,21.0,20.0,0.3292682926829268,0.1391452504454184,0.2178938426245588,0.3966666666666666,0.525,-0.5913043478260868,0.0,0.3259668508287293,0.19558011049723756,0.7142857142857143,0.0,1.0,0.0,0.0,0.0,0.0,1.0,0.0,0.0,0.2709624234361259,0.23791033213294682,0.3021590515883558
2026,8,4,8.4,59.0,2,7.550000000000011,6.807692307692308,10.76470588235294,11.333333333333334,68,0.2830226410025588,0.41,21.0,20.0,0.2893923789907311,0.1388663121940349,0.2075298975914308,0.41,0.525,-0.614705882352941,0.0,0.3259668508287293,0.19558011049723756,0.7142857142857143,0.0,1.0,0.0,0.0,0.0,0.0,1.0,0.0,0.0,0.2529289340460808,0.22134266488521517,0.2830226410025588
2026,8,5,8.5,63.0,2,7.550000000000011,7.132075471698113,10.567164179104479,11.166666666666666,67,0.3135223418468129,0.4283333333333333,22.0,18.0,0.3469387755102041,0.140783418030266,0.2442397533945943,0.4283333333333333,0.55,-0.6850746268656718,0.0,0.34806629834254144,0.20883977900552486,0.7142857142857143,0.0,1.0,0.0,0.0,0.0,0.0,1.0,0.0,0.0,0.2855961790891002,0.25121345298218933,0.3135223418468129
2026,9,1,9.0,64.0,2,7.550000000000011,7.111111111111111,10.636363636363637,11.0,66,0.3062579912011847,0.4416666666666666,22.0,19.0,0.3641618497109827,0.1424032411027156,0.2411046326124905,0.4416666666666666,0.55,-0.6454545454545455,0.0,0.357796300060988,0.2146777800365928,0.7142857142857143,0.0,1.0,0.0,0.0,0.0,0.0,1.0,0.0,0.0,0.2826540979105681,0.2478593216555622,0.3062579912011847
2026,9,1,9.1,64.0,2,7.550000000000011,6.981818181818182,10.799999999999999,10.833333333333334,65,0.2859181521590681,0.4549999999999999,22.0,19.0,0.3578826237054086,0.1419401938437767,0.2206395243614343,0.4549999999999999,0.55,-0.6699999999999999,0.0,0.35359116022099446,0.21215469613259666,0.7142857142857143,0.0,1.0,0.0,0.0,0.0,0.0,1.0,0.0,0.0,0.26214521476502756,0.22908387641944405,0.2859181521590681
2026,9,2,9.2,64.0,2,7.550000000000011,6.857142857142857,10.96875,10.666666666666666,64,0.2657373662798307,0.4733333333333333,23.0,18.0,0.3300220750551876,0.1381742357739789,0.2102960442837921,0.4733333333333333,0.575,-0.7453125,0.0,0.35359116022099446,0.21215469613259666,0.7142857142857143,0.0,1.0,0.0,0.0,0.0,0.0,1.0,0.0,0.0,0.241948565475329,0.21103055169581209,0.2657373662798307
2026,9,3,9.3,68.0,2,7.550000000000011,7.157894736842105,10.761904761904763,10.5,63,0.2964472818645072,0.4866666666666666,23.0,21.0,0.3274531422271224,0.1454903887496749,0.2401907013503532,0.4866666666666666,0.575,-0.5642857142857146,0.0,0.3756906077348066,0.22541436464088396,0.7142857142857143,0.0,1.0,0.0,0.0,0.0,0.0,1.0,0.0,0.0,0.28173865953072624,0.24565751745881,0.2964472818645072
2026,9,4,9.4,68.0,2,7.550000000000011,7.03448275862069,10.935483870967742,10.333333333333334,62,0.2751607310044556,0.575,23.0,21.0,0.3602771362586605,0.1456163398094863,0.232692772506955,0.575,0.575,-0.5903225806451612,0.0,0.3756906077348066,0.22541436464088396,0.7142857142857143,0.0,1.0,0.0,0.0,0.0,0.0,1.0,0.0,0.0,0.2636146283131101,0.22792062242844105,0.2751607310044556
2026,9,5,9.5,74.0,2,7.550000000000011,7.525423728813559,10.524590163934427,10.166666666666666,61,0.33648877735920163,0.5933333333333333,24.0,27.0,0.416767922235723,0.1628850096988177,0.3046807804113532,0.5933333333333333,0.6,-0.22868852459016403,0.0,0.4088397790055249,0.24530386740331492,0.7142857142857143,0.0,1.0,0.0,0.0,0.0,0.0,1.0,0.0,0.0,0.34460997756734657,0.2991307833820102,0.33648877735920163
2026,10,1,10.0,75.0,2,7.550000000000011,7.5,10.6,10.0,60,0.3280239667513519,0.6066666666666667,24.0,22.0,0.4331288343558283,0.1614784606812156,0.3032855403047936,0.6066666666666667,0.6,-0.4899999999999999,0.0,0.41838134430727025,0.25102880658436216,0.7142857142857143,0.0,1.0,0.0,0.0,0.0,0.0,1.0,0.0,0.0,0.3307968016151167,0.28766645521319084,0.3280239667513519
2026,10,1,10.1,76.0,2,7.550000000000011,7.475409836065574,10.677966101694915,9.833333333333334,59,0.3192949202169191,0.62,24.0,22.0,0.4359605911330049,0.1616013450818401,0.2940619592566142,0.62,0.6,-0.5016949152542374,0.0,0.4198895027624309,0.25193370165745854,0.7142857142857143,0.0,1.0,0.0,0.0,0.0,0.0,1.0,0.0,0.0,0.3225973987043848,0.27990305866751114,0.3192949202169191
2026,10,2,10.2,77.0,2,7.550000000000011,7.451612903225806,10.758620689655173,9.666666666666666,58,0.3103028258799874,0.6383333333333334,25.0,22.0,0.4401972872996301,0.1615848018733006,0.2886926311134566,0.6383333333333334,0.625,-0.5137931034482758,0.0,0.425414364640884,0.25524861878453037,0.7142857142857143,0.0,1.0,0.0,0.0,0.0,0.0,1.0,0.0,0.0,0.31556962838451946,0.27329150528195595,0.3103028258799874
2026,10,3,10.3,83.0,2,7.550000000000011,7.904761904761905,10.31578947368421,9.5,57,0.38046747557266863,0.6516666666666666,25.0,27.0,0.4949999999999999,0.2061634873963005,0.3821374334741457,0.6516666666666666,0.625,-0.1973684210526315,0.0,0.4585635359116022,0.2751381215469613,0.7142857142857143,0.0,1.0,0.0,0.0,0.0,0.0,1.0,0.0,0.0,0.40690058838698867,0.35537267471779527,0.38046747557266863
2026,10,4,10.4,87.0,2,7.550000000000011,8.15625,10.071428571428571,9.333333333333334,56,0.42306737242750836,0.6699999999999999,26.0,31.0,0.5925030229746071,0.240353599585952,0.4230601081640065,0.6699999999999999,0.65,0.039285714285714236,0.039285714285714236,0.48066298342541436,0.2883977900552486,0.7142857142857143,0.0,1.0,0.0,0.0,0.0,0.0,1.0,1.0,0.008092795129101354,0.4662288531879519,0.413134261372037,0.5407274325657152
2026,10,5,10.5,88.0,2,7.550000000000011,8.123076923076923,10.145454545454546,9.166666666666666,55,0.4140090860622524,0.6833333333333333,26.0,32.0,0.5958986731001206,0.2377444733864602,0.415201724624795,0.6833333333333333,0.65,0.07818181818181813,0.07818181818181813,0.4861878453038674,0.2917127071823204,0.7142857142857143,0.0,1.0,0.0,0.0,0.0,0.0,1.0,1.0,0.01629044988161009,0.46057798431487396,0.410185748049233,0.533990147675403
2026,11,1,11.0,89.0,2,7.550000000000011,8.090909090909092,10.222222222222221,9.0,54,0.40456337091611666,0.6966666666666667,26.0,32.0,0.5925030229746071,0.2361870676195404,0.4095707295139693,0.6966666666666667,0.65,0.06666666666666679,0.06666666666666679,0.49547154133776483,0.2972829248026589,0.7142857142857143,0.0,1.0,0.0,0.0,0.0,0.0,1.0,1.0,0.014156329752507591,0.45378446907633047,0.4022526564791806,0.5235988161312016
2026,11,1,11.1,89.0,2,7.550000000000011,7.970149253731344,10.415094339622641,8.833333333333334,53,0.3766454450955006,0.715,27.0,31.0,0.5808019441069259,0.2307883972688425,0.3928836533773834,0.715,0.675,-0.012264150943396146,0.0,0.49171270718232046,0.2950276243093923,0.7142857142857143,0.0,1.0,0.0,0.0,0.0,0.0,1.0,0.0,0.0,0.42220529706904664,0.3669626676722631,0.3766454450955006
2026,11,2,11.2,93.0,2,7.550000000000011,8.205882352941176,10.153846153846155,8.666666666666666,52,0.4218804484002894,0.7283333333333333,27.0,34.0,0.5992779783393503,0.2431941917322913,0.4340772950467394,0.7283333333333333,0.675,0.17692307692307666,0.17692307692307666,0.5138121546961326,0.3082872928176796,0.7142857142857143,0.0,1.0,0.0,0.0,0.0,0.0,1.0,1.0,0.03895938315827813,0.4825761475558871,0.438303031693042,0.548971764774194
2026,11,3,11.3,94.0,2,7.550000000000011,8.173913043478262,10.235294117647058,8.5,51,0.4116173283502597,0.7416666666666667,27.0,35.0,0.6381502890173409,0.2409177519346927,0.4278849078964404,0.7416666666666667,0.675,0.2147058823529413,0.2147058823529413,0.5193370165745858,0.31160220994475146,0.7142857142857143,0.0,1.0,0.0,0.0,0.0,0.0,1.0,1.0,0.047787733878081655,0.47561680035111414,0.43410993237271767,0.5412044656256484
2026,11,4,11.4,95.0,2,7.550000000000011,8.142857142857144,10.319999999999999,8.333333333333334,50,0.40090300451123195,0.76,28.0,36.0,0.6341463414634146,0.238725326327378,0.4151987900485129,0.76,0.7,0.25200000000000033,0.25200000000000033,0.5248618784530388,0.31491712707182323,0.7142857142857143,0.0,1.0,0.0,0.0,0.0,0.0,1.0,1.0,0.05668508287292826,0.46862947907008606,0.43003470413549083,0.5328917499773542
2026,11,4,11.4,96.0,2,7.550000000000011,8.22857142857143,10.2,8.333333333333334,50,0.42047494587333956,0.76,28.0,36.0,0.6364692218350754,0.2453486884118478,0.4332482056834679,0.76,0.7,0.27000000000000013,0.27000000000000013,0.5303867403314917,0.318232044198895,0.7142857142857143,0.0,1.0,0.0,0.0,0.0,0.0,1.0,1.0,0.06137332280978692,0.4910615284143142,0.45362125402113146,0.5543903600642174
2026,11,5,11.5,97.0,2,7.550000000000011,8.197183098591548,10.285714285714286,8.166666666666666,49,0.4095262375278061,0.7733333333333334,28.0,33.0,0.6397228637413395,0.2407244296046795,0.4268564727554174,0.7733333333333334,0.7,0.10714285714285694,0.10714285714285694,0.5359116022099447,0.32154696132596683,0.7142857142857143,0.0,1.0,0.0,0.0,0.0,0.0,1.0,1.0,0.024608185815762722,0.4762379771572008,0.42548866982524153,0.5319395647987366
2026,12,1,12.0,98.0,2,7.550000000000011,8.166666666666666,10.375,8.0,48,0.39808957398904576,0.7916666666666667,29.0,33.0,0.6177514792899408,0.2393561029453738,0.4166644815467725,0.7916666666666667,0.725,0.09375,0.09375,0.5448591012947449,0.5448591012947449,0.7142857142857143,0.0,1.0,1.0,0.0,0.0,0.0,1.0,1.0,0.03648610053313024,0.5730164798580484,0.5412024851256538,0.52375472072804
2026,12,1,12.1,99.0,2,7.550000000000011,8.136986301369863,10.46808510638298,7.833333333333333,47,0.38615591220154716,0.8049999999999999,29.0,34.0,0.6373117033603708,0.2365826768339879,0.4079414315136871,0.8049999999999999,0.725,0.12978723404255313,0.12978723404255313,0.5469613259668508,0.5469613259668508,0.7142857142857143,0.0,1.0,1.0,0.0,0.0,0.0,1.0,1.0,0.05070614116106061,0.5636116644133083,0.535334943147126,0.5156397608136783
2026,12,1,12.1,100.0,2,7.550000000000011,8.219178082191782,10.340425531914894,7.833333333333333,47,0.4067403335507263,0.8049999999999999,29.0,34.0,0.6515323496027242,0.2432479558306713,0.426483998721185,0.8049999999999999,0.725,0.14893617021276598,0.14893617021276598,0.5524861878453039,0.5524861878453039,0.7142857142857143,0.0,1.0,1.0,0.0,0.0,0.0,1.0,1.0,0.0587751263665217,0.5879129956671563,0.561967705784148,0.5395632690695008
2026,12,2,12.2,106.0,2,7.550000000000011,8.594594594594595,9.782608695652174,7.666666666666667,46,0.5027956056503194,0.8183333333333334,29.0,40.0,0.7358674463937621,0.3696940641901713,0.4936278817842889,0.8183333333333334,0.725,0.5326086956521738,0.5326086956521738,0.585635359116022,0.585635359116022,0.7142857142857143,0.0,1.0,1.0,0.0,0.0,0.0,1.0,1.0,0.22279606053326922,0.7038333992022495,0.7180437089968625,0.6791214183539844
2026,12,3,12.3,107.0,2,7.550000000000011,8.56,9.866666666666667,7.5,45,0.49180040183455825,0.8366666666666667,30.0,37.0,0.7461977186311788,0.3494854390305049,0.4778620792686607,0.8366666666666667,0.75,0.36999999999999994,0.36999999999999994,0.5911602209944752,0.5911602209944752,0.7142857142857143,0.0,1.0,1.0,0.0,0.0,0.0,1.0,1.0,0.15623520126282556,0.692922969047865,0.691359991423929,0.6510305375937596
2026,12,3,12.3,108.0,2,7.550000000000011,8.64,9.733333333333333,7.5,45,0.5142624631241814,0.8366666666666667,30.0,37.0,0.7371483996120272,0.3964479458544944,0.5085467177874745,0.8366666666666667,0.75,0.39000000000000024,0.39000000000000024,0.5966850828729282,0.5966850828729282,0.7142857142857143,0.0,1.0,1.0,0.0,0.0,0.0,1.0,1.0,0.16621941594317297,0.7144869815149977,0.7149506601971829,0.6738754797183071
2026,12,4,12.4,109.0,2,7.550000000000011,8.605263157894738,9.818181818181818,7.333333333333333,44,0.5031371224699138,0.8500000000000001,30.0,38.0,0.7473982970671712,0.3725891621760729,0.5057061566911143,0.8500000000000001,0.75,0.42727272727272736,0.42727272727272736,0.6022099447513813,0.6022099447513813,0.7142857142857143,0.0,1.0,1.0,0.0,0.0,0.0,1.0,1.0,0.1837913467747723,0.7091628431546838,0.7130827421666509,0.6688404025059618
2026,12,5,12.5,113.0,2,7.550000000000011,8.805194805194805,9.488372093023255,7.166666666666667,43,0.561563928663202,0.8633333333333333,30.0,36.0,0.748587570621469,0.5704597357559769,0.5332991734475554,0.8633333333333333,0.75,0.3767441860465118,0.3767441860465118,0.6243093922651933,0.6243093922651933,0.7142857142857143,0.0,1.0,1.0,0.0,0.0,0.0,1.0,1.0,0.16800352416438763,0.7621582199033698,0.7611520771577545,0.7147190706537634
2026,13,1,13.0,114.0,2,7.550000000000011,8.76923076923077,9.571428571428571,7.0,42,0.5508740264664659,0.8816666666666666,31.0,36.0,0.7896924355777224,0.5308344585108322,0.5283411286247024,0.8816666666666666,0.775,0.3642857142857142,0.3642857142857142,0.6327993254637437,0.6327993254637437,0.7142857142857143,0.0,1.0,1.0,0.0,0.0,0.0,1.0,1.0,0.16465696734005572,0.7577880848805221,0.7555830893468498,0.7049484024632
2026,13,1,13.1,115.0,2,7.550000000000011,8.734177215189874,9.658536585365853,6.833333333333333,41,0.5394585630725103,0.895,31.0,36.0,0.8022239872915011,0.4788373801221063,0.5218476980376975,0.895,0.775,0.35121951219512193,0.35121951219512193,0.6353591160220995,0.6353591160220995,0.7142857142857143,0.0,1.0,1.0,0.0,0.0,0.0,1.0,1.0,0.15939322771286119,0.750292565459773,0.7466158552343772,0.6939041918550518
2026,13,2,13.2,119.0,2,7.550000000000011,8.924999999999999,9.299999999999999,6.666666666666667,40,0.6016843042627389,0.9083333333333334,31.0,39.0,0.8164794007490637,0.8379888268156425,0.5754512647022202,0.9083333333333334,0.775,0.555,0.555,0.6574585635359116,0.6574585635359116,0.7142857142857143,0.0,1.0,1.0,0.0,0.0,0.0,1.0,1.0,0.26063535911602215,0.8067473501338681,0.8193130072589903,0.768126395387696
2026,13,3,13.3,120.0,2,7.550000000000011,8.88888888888889,9.384615384615385,6.5,39,0.5910066640325137,0.9266666666666667,32.0,34.0,0.8507936507936508,0.8379888268156425,0.5544563556915583,0.9266666666666667,0.8,0.2923076923076923,0.2923076923076923,0.6629834254143646,0.6629834254143646,0.7142857142857143,0.0,1.0,1.0,0.0,0.0,0.0,1.0,1.0,0.13842511080080142,0.7961772060846873,0.7878130573439762,0.7315522196541858
2026,13,4,13.4,121.0,2,7.550000000000011,8.853658536585366,9.473684210526317,6.333333333333333,38,0.5795112235407741,0.94,32.0,31.0,0.8488745980707395,0.7903225806451613,0.5415348353417586,0.94,0.8,0.1289473684210524,0.1289473684210524,0.6685082872928176,0.6685082872928176,0.7142857142857143,0.0,1.0,1.0,0.0,0.0,0.0,1.0,1.0,0.061573131724338356,0.7867041100525055,0.7630712868138456,0.7027157415324752
2026,13,4,13.4,122.0,2,7.550000000000011,8.926829268292684,9.31578947368421,6.333333333333333,38,0.6052020596915121,0.94,32.0,31.0,0.8437705998681608,0.8379888268156425,0.5779584227164996,0.94,0.8,0.1526315789473685,0.1526315789473685,0.6740331491712708,0.6740331491712708,0.7142857142857143,0.0,1.0,1.0,0.0,0.0,0.0,1.0,1.0,0.07348481701491302,0.8062317445943077,0.7861286929512327,0.7273842943785357
2026,13,5,13.5,126.0,2,7.550000000000011,9.108433734939759,8.91891891891892,6.166666666666667,37,0.669815397481491,0.9583333333333336,33.0,34.0,0.8850457782299085,0.8777777777777778,0.6507656534512893,0.9583333333333336,0.825,0.3621621621621621,0.3621621621621621,0.6961325966850829,0.6961325966850829,0.7142857142857143,0.0,1.0,1.0,0.0,0.0,0.0,1.0,1.0,0.18008063311930714,0.8561062307407282,0.8540908173838255,0.8010970537361325
2026,14,1,14.0,126.0,2,7.550000000000011,9.0,9.166666666666666,6.0,36,0.6348404825813657,0.9716666666666668,33.0,33.0,0.8695652173913043,0.8777777777777778,0.6163569749890537,0.9716666666666668,0.825,0.275,0.275,0.6986301369863014,0.6986301369863014,0.7142857142857143,0.0,1.0,1.0,0.0,0.0,0.0,1.0,1.0,0.13723091976516635,0.8353388265539862,0.826442021484943,0.766015726239526
2026,14,1,14.1,127.0,2,7.550000000000011,8.964705882352941,9.257142857142858,5.833333333333333,35,0.6235701861412457,0.985,33.0,34.0,0.8526645768025078,0.8777777777777778,0.6010117754932626,0.985,0.825,0.3114285714285714,0.3114285714285714,0.7016574585635359,0.7016574585635359,0.7142857142857143,0.0,1.0,1.0,0.0,0.0,0.0,1.0,1.0,0.15608298568046,0.8305068792184811,0.8240357415314298,0.7614989793732915
2026,14,2,14.2,131.0,2,7.550000000000011,9.13953488372093,8.823529411764705,5.666666666666667,34,0.692036275377228,1.0,34.0,34.0,0.8854961832061068,0.8777777777777778,0.6656079882908947,1.0,0.85,0.3764705882352942,0.3764705882352942,0.7237569060773481,0.7237569060773481,0.7142857142857143,0.0,1.0,1.0,0.0,0.0,0.0,1.0,1.0,0.1946237058359256,0.8754876630443325,0.8743360717358811,0.8195685659885673
2026,14,3,14.3,131.0,2,7.550000000000011,9.03448275862069,9.090909090909092,5.5,33,0.6552311028007918,1.0,34.0,33.0,0.8279800142755176,0.8777777777777778,0.6240152714153663,1.0,0.85,0.2863636363636363,0.2863636363636363,0.7237569060773481,0.7237569060773481,0.7142857142857143,0.0,1.0,1.0,0.0,0.0,0.0,1.0,1.0,0.14804118533400298,0.8544563495216024,0.8469351309327761,0.783871197362577
2026,14,3,14.3,131.0,3,7.550000000000011,9.03448275862069,9.090909090909092,5.5,33,0.6552311028007918,1.0,34.0,33.0,0.7977437550362612,0.7142857142857143,0.592727939813844,1.0,0.85,0.2863636363636363,0.2863636363636363,0.7237569060773481,0.7237569060773481,0.5714285714285714,0.0,1.0,1.0,0.0,0.0,0.0,1.0,1.0,0.11843294826720238,0.8092377315167738,0.7831201405672961,0.7776136437470164
2026,14,4,14.4,133.0,3,7.550000000000011,9.068181818181818,9.0,5.333333333333333,32,0.6717382836741848,1.0,35.0,34.0,0.7759372275501307,0.7903225806451613,0.609999177394311,1.0,0.875,0.35,0.35,0.7348066298342542,0.7348066298342542,0.5714285714285714,0.0,1.0,1.0,0.0,0.0,0.0,1.0,1.0,0.14696132596685083,0.8250195492183444,0.805333154606698,0.7959190619898359
2026,14,5,14.5,137.0,3,7.550000000000011,9.235955056179774,8.516129032258064,5.166666666666667,31,0.741706644670207,1.0,35.0,37.0,0.8488745980707395,0.8379888268156425,0.6650807387277748,1.0,0.875,0.5725806451612904,0.5725806451612904,0.7569060773480663,0.7569060773480663,0.5714285714285714,0.0,1.0,1.0,0.0,0.0,0.0,1.0,1.0,0.24765129719683276,0.8769887274762959,0.8742894239030797,0.8610574391858042
2026,15,1,15.0,137.0,3,7.550000000000011,9.133333333333333,8.8,5.0,30,0.7060341493153338,1.0,36.0,36.0,0.8590441621294616,0.7903225806451613,0.6437434780465027,1.0,0.9,0.47999999999999987,0.47999999999999987,0.7589334632008279,0.7589334632008279,0.5714285714285714,0.0,1.0,1.0,0.0,0.0,0.0,1.0,1.0,0.20816460704936984,0.8553852690869915,0.8467731443842339,0.8315551855320275
2026,15,1,15.1,137.0,3,7.550000000000011,9.032967032967033,9.10344827586207,4.833333333333333,29,0.6647082249987941,1.0,36.0,35.0,0.8507936507936508,0.7903225806451613,0.599319721332481,1.0,0.9,0.3844827586206897,0.3844827586206897,0.7569060773480663,0.7569060773480663,0.5714285714285714,0.0,1.0,1.0,0.0,0.0,0.0,1.0,1.0,0.1662956209345998,0.8275082372171213,0.81066585382648,0.7946428141600211
2026,15,2,15.2,137.0,3,7.550000000000011,8.934782608695652,9.428571428571429,4.666666666666667,28,0.6172483848483702,1.0,37.0,29.0,0.7961007311129165,0.5246234299718956,0.5373497594390044,1.0,0.925,0.03571428571428577,0.03571428571428577,0.7569060773480663,0.7569060773480663,0.5714285714285714,0.0,1.0,1.0,0.0,0.0,0.0,1.0,1.0,0.015447062803021782,0.7880259897491567,0.7376004223805835,0.7232080748179585
2026,15,3,15.3,138.0,3,7.550000000000011,8.903225806451612,9.555555555555555,4.5,27,0.5998809654862667,1.0,37.0,29.0,0.8015873015873016,0.4854051181938528,0.522692034562408,1.0,0.925,0.016666666666666784,0.016666666666666784,0.7624309392265194,0.7624309392265194,0.5714285714285714,0.0,1.0,1.0,0.0,0.0,0.0,1.0,1.0,0.0072612470402526165,0.776983885554001,0.7228469937496521,0.7062848046388455
2026,15,3,15.3,139.0,3,7.550000000000011,8.96774193548387,9.333333333333334,4.5,27,0.6352362129572903,1.0,37.0,29.0,0.7854729729729729,0.7142857142857143,0.5618459831023527,1.0,0.925,0.05,0.05,0.7679558011049724,0.7679558011049724,0.5714285714285714,0.0,1.0,1.0,0.0,0.0,0.0,1.0,1.0,0.02194159431728493,0.8043086188998775,0.7575138712895407,0.7398735134635117
2026,15,4,15.4,140.0,3,7.550000000000011,8.936170212765958,9.461538461538462,4.333333333333333,26,0.6179858419669287,1.0,38.0,29.0,0.7961007311129165,0.5569611892803921,0.5373786643655842,1.0,0.95,0.03076923076923066,0.03076923076923066,0.7734806629834254,0.7734806629834254,0.5714285714285714,0.0,1.0,1.0,0.0,0.0,0.0,1.0,1.0,0.013599660008499739,0.7939460884027124,0.7437258419345177,0.7233765281207857
2026,15,5,15.5,144.0,3,7.550000000000011,9.094736842105263,8.879999999999999,4.166666666666667,25,0.7079887758811237,1.0,38.0,29.0,0.8255563531945441,0.8379888268156425,0.6294602172832429,1.0,0.95,0.11800000000000015,0.11800000000000015,0.7955801104972375,0.7955801104972375,0.5714285714285714,0.0,1.0,1.0,0.0,0.0,0.0,1.0,1.0,0.05364483030781379,0.8592285926971538,0.8270869411673025,0.804607393909806
2026,15,5,15.5,142.0,3,7.550000000000011,8.968421052631578,9.36,4.166666666666667,25,0.6369420003455786,1.0,38.0,29.0,0.826743350107836,0.7142857142857143,0.554745833554396,1.0,0.95,0.04600000000000008,0.04600000000000008,0.7845303867403315,0.7845303867403315,0.5714285714285714,0.0,1.0,1.0,0.0,0.0,0.0,1.0,1.0,0.020621941594317322,0.8105573409014025,0.7642114356808846,0.74097666261217
2026,16,1,16.0,143.0,3,7.550000000000011,8.9375,9.5,4.0,24,0.6178487467527713,1.0,39.0,29.0,0.8361891706648389,0.7842888992254704,0.5286875168076994,1.0,0.975,0.025,0.025,0.7917689365831383,0.7917689365831383,0.5714285714285714,0.0,0.0,0.0,1.0,0.0,0.0,1.0,0.0,0.0,0.7996644327901262,0.8715302637339052,0.6178487467527713
2026,16,1,16.1,145.0,3,7.550000000000011,8.969072164948454,9.391304347826086,3.8333333333333335,23,0.6379226719079161,1.0,40.0,30.0,0.8224163027656477,0.7847613467998298,0.5508256595750314,1.0,1.0,0.0913043478260871,0.0913043478260871,0.8011049723756906,0.8011049723756906,0.5714285714285714,0.0,0.0,0.0,1.0,0.0,0.0,1.0,0.0,0.0,0.8174109229062367,0.884868200769726,0.6379226719079161
2026,16,1,16.1,144.0,3,7.550000000000011,8.90721649484536,9.652173913043478,3.8333333333333335,23,0.5964110455633438,1.0,40.0,30.0,0.8291991495393337,0.7940442125456406,0.5219877812740303,1.0,1.0,0.05217391304347814,0.05217391304347814,0.7955801104972375,0.7955801104972375,0.5714285714285714,0.0,0.0,0.0,1.0,0.0,0.0,1.0,0.0,0.0,0.7869705652260055,0.8631710862897641,0.5964110455633438
2026,16,2,16.2,145.0,3,7.550000000000011,8.877551020408164,9.818181818181818,3.6666666666666665,22,0.5723180495323136,1.0,40.0,27.0,0.8230152949745084,0.799539305555933,0.5127634259703124,1.0,1.0,-0.12272727272727266,0.0,0.8011049723756906,0.8011049723756906,0.5714285714285714,0.0,0.0,0.0,1.0,0.0,0.0,1.0,0.0,0.0,0.7673397999335441,0.8485400955797198,0.5723180495323136
2026,16,3,16.3,146.0,3,7.550000000000011,8.848484848484848,10.0,3.5,21,0.5452361672729763,1.0,41.0,27.0,0.7778738115816767,0.8136080049715007,0.4885887957955009,1.0,1.0,-0.15,0.0,0.8066298342541437,0.8066298342541437,0.5714285714285714,0.0,0.0,0.0,1.0,0.0,0.0,1.0,0.0,0.0,0.7484435375634747,0.8348130875148,0.5452361672729763
2026,16,4,16.4,148.0,3,7.550000000000011,8.879999999999999,9.9,3.3333333333333335,20,0.5650079385016372,1.0,41.0,28.0,0.7829787234042552,0.8135704552355574,0.5018074790289935,1.0,1.0,-0.08500000000000014,0.0,0.8176795580110497,0.8176795580110497,0.5714285714285714,0.0,0.0,0.0,1.0,0.0,0.0,1.0,0.0,0.0,0.7687281695088815,0.8490192519812866,0.5650079385016372
2026,16,4,16.4,149.0,3,7.550000000000011,8.94,9.6,3.3333333333333335,20,0.6138943954477597,1.0,41.0,28.0,0.8022239872915011,0.8079862916949596,0.5261559671231459,1.0,1.0,-0.039999999999999855,0.0,0.8232044198895028,0.8232044198895028,0.5714285714285714,0.0,0.0,0.0,1.0,0.0,0.0,1.0,0.0,0.0,0.8054163996104805,0.8747760976357887,0.6138943954477597
2026,16,5,16.5,153.0,3,7.550000000000011,9.08910891089109,8.842105263157896,3.1666666666666665,19,0.7285353563538244,1.0,42.0,18.0,0.8959402706486235,0.8132430391285939,0.6263842406639837,1.0,1.0,-0.42631578947368426,0.0,0.8453038674033149,0.8453038674033149,0.5714285714285714,0.0,0.0,0.0,1.0,0.0,0.0,1.0,0.0,0.0,0.8734574157109575,0.921592426904241,0.7285353563538244
