variant,feature,importance
baseline_ipl_v6_features,run_rate_diff,0.15775315277278423
baseline_ipl_v6_features,situation_advantage,0.05938401073217392
baseline_ipl_v6_features,team_strength_diff,0.05281618423759937
baseline_ipl_v6_features,resource_win_prob,0.04702170751988888
baseline_ipl_v6_features,inn1_defendability,0.03974988777190447
baseline_ipl_v6_features,bowling_team_situation_wr,0.039375064894557
baseline_ipl_v6_features,score_vs_par,0.03860134189017117
baseline_ipl_v6_features,expected_final_score,0.03817349765449762
baseline_ipl_v6_features,target_above_par,0.03782938560470939
baseline_ipl_v6_features,inn1_death_rr,0.037373991683125496
baseline_ipl_v6_features,required_run_rate,0.03501547081395984
baseline_ipl_v6_features,batting_team_situation_wr,0.03368917293846607
baseline_ipl_v6_features,bowling_team_win_rate,0.033676935359835625
baseline_ipl_v6_features,venue_chase_success,0.03021574579179287
baseline_ipl_v6_features,inn1_wickets_lost,0.029924297239631414
baseline_ipl_v6_features,inn1_pp_runs,0.029488903004676104
baseline_ipl_v6_features,batting_won_toss,0.02869238890707493
baseline_ipl_v6_features,chase_difficulty,0.028624255675822496
baseline_ipl_v6_features,batting_team_win_rate,0.025689816568046808
baseline_ipl_v6_features,projected_score,0.024420976173132658
baseline_ipl_v6_features,score_per_wicket,0.021123098209500313
baseline_ipl_v6_features,dls_pressure_index,0.02001973520964384
baseline_ipl_v6_features,pressure_index,0.019808200420811772
baseline_ipl_v6_features,projected_vs_venue_avg,0.019633371848613024
baseline_ipl_v6_features,wickets_times_balls,0.01783843489829451
baseline_ipl_v6_features,rrr_times_wickets,0.01313265529461205
baseline_ipl_v6_features,runs_last_12,0.009371911524794996
baseline_ipl_v6_features,overs_remaining,0.009341644705273211
baseline_ipl_v6_features,boundary_pct_last_18,0.0074183797696605325
baseline_ipl_v6_features,runs_last_18,0.00717216229531914
baseline_ipl_v6_features,is_powerplay,0.005244975443929434
baseline_ipl_v6_features,wickets_last_12,0.0023792791180312634
ml_add_mc_gap_features,mc_win_prob,0.11049918830394745
ml_add_mc_gap_features,run_rate_diff,0.0985211106017232
ml_add_mc_gap_features,situation_advantage,0.049297841265797615
ml_add_mc_gap_features,chase_difficulty,0.0410327787976712
ml_add_mc_gap_features,team_strength_diff,0.0407174751162529
ml_add_mc_gap_features,bowling_team_situation_wr,0.03923134179785848
ml_add_mc_gap_features,target_above_par,0.035400087013840675
ml_add_mc_gap_features,score_vs_par,0.03457189118489623
ml_add_mc_gap_features,resource_win_prob,0.03428246360272169
ml_add_mc_gap_features,inn1_defendability,0.03263988369144499
ml_add_mc_gap_features,expected_final_score,0.03155668405815959
ml_add_mc_gap_features,batting_team_situation_wr,0.02979535423219204
ml_add_mc_gap_features,required_run_rate,0.029493555892258883
ml_add_mc_gap_features,venue_chase_success,0.028183143585920334
ml_add_mc_gap_features,bowling_team_win_rate,0.02808167366310954
ml_add_mc_gap_features,inn1_death_rr,0.026515196543186903
ml_add_mc_gap_features,inn1_pp_runs,0.025230629835277796
ml_add_mc_gap_features,mc_simulation_std,0.025220457930117846
ml_add_mc_gap_features,rrr_times_wickets,0.02479776123072952
ml_add_mc_gap_features,batting_won_toss,0.024703500093892217
ml_add_mc_gap_features,batting_team_win_rate,0.024102114606648684
ml_add_mc_gap_features,inn1_wickets_lost,0.022709401790052652
ml_add_mc_gap_features,projected_score,0.022423295071348548
ml_add_mc_gap_features,pressure_index,0.0219216572586447
ml_add_mc_gap_features,score_per_wicket,0.01907873060554266
ml_add_mc_gap_features,projected_vs_venue_avg,0.016353254672139883
ml_add_mc_gap_features,dls_pressure_index,0.015261110616847873
ml_add_mc_gap_features,mc_resource_gap,0.015093630645424128
ml_add_mc_gap_features,wickets_times_balls,0.012836269219405949
ml_add_mc_gap_features,mc_resource_abs_gap,0.00936526944860816
ml_add_mc_gap_features,overs_remaining,0.00688261043978855
ml_add_mc_gap_features,runs_last_18,0.006478699157014489
ml_add_mc_gap_features,boundary_pct_last_18,0.006244123389478773
ml_add_mc_gap_features,is_powerplay,0.005612839217064902
ml_add_mc_gap_features,runs_last_12,0.005383692565374076
ml_add_mc_gap_features,wickets_last_12,0.00048129732022061944
ml_add_mc_gap_features_inn2_only,run_rate_diff,0.1337110996246338
ml_add_mc_gap_features_inn2_only,mc_win_prob,0.08553985226899385
ml_add_mc_gap_features_inn2_only,situation_advantage,0.055542937479913235
ml_add_mc_gap_features_inn2_only,team_strength_diff,0.04186092969030142
ml_add_mc_gap_features_inn2_only,bowling_team_situation_wr,0.03714468749240041
ml_add_mc_gap_features_inn2_only,resource_win_prob,0.03592220041900873
ml_add_mc_gap_features_inn2_only,target_above_par,0.03450162708759308
ml_add_mc_gap_features_inn2_only,inn1_defendability,0.03338574548251927
ml_add_mc_gap_features_inn2_only,mc_simulation_std,0.03223984036594629
ml_add_mc_gap_features_inn2_only,batting_team_situation_wr,0.031311369966715574
ml_add_mc_gap_features_inn2_only,expected_final_score,0.031274186447262764
ml_add_mc_gap_features_inn2_only,bowling_team_win_rate,0.030289650429040194
ml_add_mc_gap_features_inn2_only,required_run_rate,0.02964971447363496
ml_add_mc_gap_features_inn2_only,score_vs_par,0.028780659660696983
ml_add_mc_gap_features_inn2_only,venue_chase_success,0.02811258751899004
ml_add_mc_gap_features_inn2_only,inn1_death_rr,0.027664131950587034
ml_add_mc_gap_features_inn2_only,inn1_pp_runs,0.027230001986026764
ml_add_mc_gap_features_inn2_only,batting_won_toss,0.024672788102179766
ml_add_mc_gap_features_inn2_only,batting_team_win_rate,0.02347129723057151
ml_add_mc_gap_features_inn2_only,pressure_index,0.02220151317305863
ml_add_mc_gap_features_inn2_only,projected_score,0.022029951214790344
ml_add_mc_gap_features_inn2_only,projected_vs_venue_avg,0.019927900284528732
ml_add_mc_gap_features_inn2_only,inn1_wickets_lost,0.019557916093617678
ml_add_mc_gap_features_inn2_only,chase_difficulty,0.018787482287734747
ml_add_mc_gap_features_inn2_only,score_per_wicket,0.018572953529655933
ml_add_mc_gap_features_inn2_only,dls_pressure_index,0.016770350513979793
ml_add_mc_gap_features_inn2_only,mc_resource_abs_gap,0.016615438304143026
ml_add_mc_gap_features_inn2_only,rrr_times_wickets,0.01632465235888958
ml_add_mc_gap_features_inn2_only,wickets_times_balls,0.014597465051338077
ml_add_mc_gap_features_inn2_only,overs_remaining,0.008802825352177024
ml_add_mc_gap_features_inn2_only,mc_resource_gap,0.007446318864822388
ml_add_mc_gap_features_inn2_only,runs_last_18,0.006772993830963969
ml_add_mc_gap_features_inn2_only,boundary_pct_last_18,0.006708602420985699
ml_add_mc_gap_features_inn2_only,is_powerplay,0.0055838377884356305
ml_add_mc_gap_features_inn2_only,runs_last_12,0.005151371704414487
ml_add_mc_gap_features_inn2_only,wickets_last_12,0.0018431329517625272
ml_add_mc_win_prob,mc_win_prob,0.12279507424682379
ml_add_mc_win_prob,run_rate_diff,0.11860725469887257
ml_add_mc_win_prob,situation_advantage,0.05678366404026747
ml_add_mc_win_prob,team_strength_diff,0.04822653252631426
ml_add_mc_win_prob,bowling_team_situation_wr,0.04189877770841122
ml_add_mc_win_prob,expected_final_score,0.04189022909849882
ml_add_mc_win_prob,inn1_defendability,0.04165570251643658
ml_add_mc_win_prob,required_run_rate,0.040793671272695065
ml_add_mc_win_prob,target_above_par,0.03922504838556051
ml_add_mc_win_prob,batting_team_situation_wr,0.03833157196640968
ml_add_mc_win_prob,resource_win_prob,0.0382737647742033
ml_add_mc_win_prob,bowling_team_win_rate,0.037316111382097006
ml_add_mc_win_prob,score_vs_par,0.03685181448236108
ml_add_mc_win_prob,inn1_death_rr,0.03568276483565569
ml_add_mc_win_prob,batting_team_win_rate,0.031431826297193766
ml_add_mc_win_prob,projected_score,0.0293886992149055
ml_add_mc_win_prob,inn1_wickets_lost,0.024792651878669858
ml_add_mc_win_prob,score_per_wicket,0.0232235174626112
ml_add_mc_win_prob,pressure_index,0.021771993953734636
ml_add_mc_win_prob,projected_vs_venue_avg,0.020699908956885338
ml_add_mc_win_prob,wickets_times_balls,0.017974985064938664
ml_add_mc_win_prob,rrr_times_wickets,0.015736975037725642
ml_add_mc_win_prob,dls_pressure_index,0.015337994787842035
ml_add_mc_win_prob,overs_remaining,0.011219825479201972
ml_add_mc_win_prob,chase_difficulty,0.010923709138296545
ml_add_mc_win_prob,is_powerplay,0.009682447067461908
ml_add_mc_win_prob,runs_last_18,0.00890115590300411
ml_add_mc_win_prob,boundary_pct_last_18,0.008481457247398794
ml_add_mc_win_prob,runs_last_12,0.00794753257650882
ml_add_mc_win_prob,wickets_last_12,0.004153337678872049
ml_add_mc_win_prob_inn2_only,run_rate_diff,0.1489594280719757
ml_add_mc_win_prob_inn2_only,mc_win_prob,0.09870275389403105
ml_add_mc_win_prob_inn2_only,situation_advantage,0.05958830937743187
ml_add_mc_win_prob_inn2_only,team_strength_diff,0.04919832479208708
ml_add_mc_win_prob_inn2_only,inn1_defendability,0.04123697429895401
ml_add_mc_win_prob_inn2_only,target_above_par,0.041122888680547476
ml_add_mc_win_prob_inn2_only,resource_win_prob,0.0400461470708251
ml_add_mc_win_prob_inn2_only,required_run_rate,0.039360922295600176
ml_add_mc_win_prob_inn2_only,expected_final_score,0.03932737885043025
ml_add_mc_win_prob_inn2_only,bowling_team_situation_wr,0.03908637119457126
ml_add_mc_win_prob_inn2_only,bowling_team_win_rate,0.038893251679837704
ml_add_mc_win_prob_inn2_only,batting_team_situation_wr,0.03819224797189236
ml_add_mc_win_prob_inn2_only,inn1_death_rr,0.03551068250089884
ml_add_mc_win_prob_inn2_only,score_vs_par,0.03394160605967045
ml_add_mc_win_prob_inn2_only,batting_team_win_rate,0.029810881707817316
ml_add_mc_win_prob_inn2_only,projected_score,0.027677997015416622
ml_add_mc_win_prob_inn2_only,inn1_wickets_lost,0.02498040022328496
ml_add_mc_win_prob_inn2_only,score_per_wicket,0.022304626647382975
ml_add_mc_win_prob_inn2_only,pressure_index,0.021359977778047323
ml_add_mc_win_prob_inn2_only,projected_vs_venue_avg,0.0196630097925663
ml_add_mc_win_prob_inn2_only,wickets_times_balls,0.018356375861912966
ml_add_mc_win_prob_inn2_only,dls_pressure_index,0.017811523284763098
ml_add_mc_win_prob_inn2_only,chase_difficulty,0.013911974325310439
ml_add_mc_win_prob_inn2_only,overs_remaining,0.012275847722776234
ml_add_mc_win_prob_inn2_only,runs_last_18,0.010965705383569002
ml_add_mc_win_prob_inn2_only,boundary_pct_last_18,0.008410511654801667
ml_add_mc_win_prob_inn2_only,rrr_times_wickets,0.008061929809628054
ml_add_mc_win_prob_inn2_only,runs_last_12,0.008049094234593213
ml_add_mc_win_prob_inn2_only,is_powerplay,0.006949407630600035
ml_add_mc_win_prob_inn2_only,wickets_last_12,0.006243428390007466
ml_clean_swap_resource,run_rate_diff,0.11726140975952148
ml_clean_swap_resource,resource_win_prob,0.09529895056039095
ml_clean_swap_resource,situation_advantage,0.05517667345702648
ml_clean_swap_resource,team_strength_diff,0.04709336906671524
ml_clean_swap_resource,bowling_team_situation_wr,0.04506363719701767
ml_clean_swap_resource,score_vs_par,0.043938123155385256
ml_clean_swap_resource,expected_final_score,0.04262567590922117
ml_clean_swap_resource,inn1_defendability,0.03954538842663169
ml_clean_swap_resource,target_above_par,0.0378642650321126
ml_clean_swap_resource,batting_team_situation_wr,0.03685584384948015
ml_clean_swap_resource,venue_chase_success,0.03307333402335644
ml_clean_swap_resource,bowling_team_win_rate,0.03286078246310353
ml_clean_swap_resource,inn1_pp_runs,0.031859579496085644
ml_clean_swap_resource,required_run_rate,0.03140628524124622
ml_clean_swap_resource,inn1_death_rr,0.03029491798952222
ml_clean_swap_resource,projected_score,0.028883866034448147
ml_clean_swap_resource,batting_team_win_rate,0.027349631302058697
ml_clean_swap_resource,pressure_index,0.024840335361659527
ml_clean_swap_resource,inn1_wickets_lost,0.022877305804286152
ml_clean_swap_resource,dls_pressure_index,0.021180455572903156
ml_clean_swap_resource,score_per_wicket,0.020977660547941923
ml_clean_swap_resource,rrr_times_wickets,0.019921339582651854
ml_clean_swap_resource,projected_vs_venue_avg,0.019608621252700686
ml_clean_swap_resource,batting_won_toss,0.019437399576418102
ml_clean_swap_resource,chase_difficulty,0.01723455940373242
ml_clean_swap_resource,wickets_times_balls,0.017046081833541393
ml_clean_swap_resource,overs_remaining,0.010135765478480607
ml_clean_swap_resource,runs_last_18,0.008419635705649853
ml_clean_swap_resource,boundary_pct_last_18,0.008247767225839198
ml_clean_swap_resource,runs_last_12,0.0075244923355057836
ml_clean_swap_resource,is_powerplay,0.004966780776157975
ml_clean_swap_resource,wickets_last_12,0.0011300668120384216
ml_clean_swap_resource_inn2_only,run_rate_diff,0.14682531170547009
ml_clean_swap_resource_inn2_only,resource_win_prob,0.07733302842825651
ml_clean_swap_resource_inn2_only,situation_advantage,0.059508721344172955
ml_clean_swap_resource_inn2_only,team_strength_diff,0.04777360614389181
ml_clean_swap_resource_inn2_only,bowling_team_situation_wr,0.04249497875571251
ml_clean_swap_resource_inn2_only,expected_final_score,0.03882637759670615
ml_clean_swap_resource_inn2_only,inn1_defendability,0.03764821286313236
ml_clean_swap_resource_inn2_only,target_above_par,0.03746709693223238
ml_clean_swap_resource_inn2_only,batting_team_situation_wr,0.037408629432320595
ml_clean_swap_resource_inn2_only,score_vs_par,0.037312889471650124
ml_clean_swap_resource_inn2_only,required_run_rate,0.03475471865385771
ml_clean_swap_resource_inn2_only,inn1_pp_runs,0.03281390527263284
ml_clean_swap_resource_inn2_only,bowling_team_win_rate,0.032389788422733545
ml_clean_swap_resource_inn2_only,inn1_death_rr,0.030926127918064594
ml_clean_swap_resource_inn2_only,venue_chase_success,0.030652111396193504
ml_clean_swap_resource_inn2_only,inn1_wickets_lost,0.02731841802597046
ml_clean_swap_resource_inn2_only,batting_team_win_rate,0.025620753411203623
ml_clean_swap_resource_inn2_only,projected_score,0.02542045619338751
ml_clean_swap_resource_inn2_only,pressure_index,0.02198289823718369
ml_clean_swap_resource_inn2_only,dls_pressure_index,0.021909999195486307
ml_clean_swap_resource_inn2_only,batting_won_toss,0.02178044803440571
ml_clean_swap_resource_inn2_only,score_per_wicket,0.019999650306999683
ml_clean_swap_resource_inn2_only,projected_vs_venue_avg,0.01919051236473024
ml_clean_swap_resource_inn2_only,chase_difficulty,0.018528663087636232
ml_clean_swap_resource_inn2_only,wickets_times_balls,0.018006531754508615
ml_clean_swap_resource_inn2_only,rrr_times_wickets,0.017414157395251095
ml_clean_swap_resource_inn2_only,overs_remaining,0.009210417978465557
ml_clean_swap_resource_inn2_only,runs_last_18,0.00898088316898793
ml_clean_swap_resource_inn2_only,runs_last_12,0.008183964295312762
ml_clean_swap_resource_inn2_only,boundary_pct_last_18,0.005485082045197487
ml_clean_swap_resource_inn2_only,is_powerplay,0.004540337482467294
ml_clean_swap_resource_inn2_only,wickets_last_12,0.0022913317661732435
ml_replace_resource_with_mc,run_rate_diff,0.10556918010115623
ml_replace_resource_with_mc,resource_win_prob,0.10469659138470888
ml_replace_resource_with_mc,mc_win_prob,0.09296449925750494
ml_replace_resource_with_mc,situation_advantage,0.04939382243901491
ml_replace_resource_with_mc,team_strength_diff,0.04156957659870386
ml_replace_resource_with_mc,bowling_team_situation_wr,0.039165252819657326
ml_replace_resource_with_mc,expected_final_score,0.038889510091394186
ml_replace_resource_with_mc,required_run_rate,0.03660118021070957
ml_replace_resource_with_mc,inn1_defendability,0.03512434661388397
ml_replace_resource_with_mc,score_vs_par,0.03232812788337469
ml_replace_resource_with_mc,bowling_team_win_rate,0.03219255991280079
ml_replace_resource_with_mc,batting_team_situation_wr,0.0320580224506557
ml_replace_resource_with_mc,target_above_par,0.03197139501571655
ml_replace_resource_with_mc,inn1_death_rr,0.0308408560231328
ml_replace_resource_with_mc,chase_difficulty,0.02972942660562694
ml_replace_resource_with_mc,batting_team_win_rate,0.028213756158947945
ml_replace_resource_with_mc,projected_score,0.027631978504359722
ml_replace_resource_with_mc,mc_simulation_std,0.024472277145832777
ml_replace_resource_with_mc,score_per_wicket,0.02097795158624649
ml_replace_resource_with_mc,pressure_index,0.02088472107425332
ml_replace_resource_with_mc,inn1_wickets_lost,0.018624816555529833
ml_replace_resource_with_mc,dls_pressure_index,0.01766182528808713
ml_replace_resource_with_mc,projected_vs_venue_avg,0.016888386104255915
ml_replace_resource_with_mc,wickets_times_balls,0.014865886187180877
ml_replace_resource_with_mc,rrr_times_wickets,0.01289206522051245
ml_replace_resource_with_mc,mc_resource_gap,0.010508423671126366
ml_replace_resource_with_mc,mc_resource_abs_gap,0.00967651279643178
ml_replace_resource_with_mc,overs_remaining,0.009488875628449023
ml_replace_resource_with_mc,is_powerplay,0.008839308167807758
ml_replace_resource_with_mc,runs_last_18,0.007430097553879023
ml_replace_resource_with_mc,boundary_pct_last_18,0.007376212743110955
ml_replace_resource_with_mc,runs_last_12,0.0072860721265897155
ml_replace_resource_with_mc,wickets_last_12,0.0031865169294178486
ml_replace_resource_with_mc_inn2_only,run_rate_diff,0.14496670477092266
ml_replace_resource_with_mc_inn2_only,mc_win_prob,0.08232884667813778
ml_replace_resource_with_mc_inn2_only,resource_win_prob,0.05927670653909445
ml_replace_resource_with_mc_inn2_only,situation_advantage,0.05479154456406832
ml_replace_resource_with_mc_inn2_only,team_strength_diff,0.046324072405695915
ml_replace_resource_with_mc_inn2_only,required_run_rate,0.044249088037759066
ml_replace_resource_with_mc_inn2_only,bowling_team_situation_wr,0.03718775697052479
ml_replace_resource_with_mc_inn2_only,expected_final_score,0.03693259693682194
ml_replace_resource_with_mc_inn2_only,target_above_par,0.03673541871830821
ml_replace_resource_with_mc_inn2_only,inn1_defendability,0.0366001152433455
ml_replace_resource_with_mc_inn2_only,bowling_team_win_rate,0.0356625160202384
ml_replace_resource_with_mc_inn2_only,batting_team_situation_wr,0.03534184768795967
ml_replace_resource_with_mc_inn2_only,inn1_death_rr,0.03309612162411213
ml_replace_resource_with_mc_inn2_only,score_vs_par,0.031863344833254814
ml_replace_resource_with_mc_inn2_only,mc_simulation_std,0.02873326512053609
ml_replace_resource_with_mc_inn2_only,projected_score,0.027171337977051735
ml_replace_resource_with_mc_inn2_only,batting_team_win_rate,0.026061675511300564
ml_replace_resource_with_mc_inn2_only,inn1_wickets_lost,0.02218536613509059
ml_replace_resource_with_mc_inn2_only,score_per_wicket,0.020305772311985493
ml_replace_resource_with_mc_inn2_only,pressure_index,0.020305247511714697
ml_replace_resource_with_mc_inn2_only,dls_pressure_index,0.018411210039630532
ml_replace_resource_with_mc_inn2_only,wickets_times_balls,0.017714860616251826
ml_replace_resource_with_mc_inn2_only,projected_vs_venue_avg,0.01767347869463265
ml_replace_resource_with_mc_inn2_only,mc_resource_abs_gap,0.013814825098961592
ml_replace_resource_with_mc_inn2_only,overs_remaining,0.010453610215336084
ml_replace_resource_with_mc_inn2_only,mc_resource_gap,0.00971483311150223
ml_replace_resource_with_mc_inn2_only,runs_last_18,0.009075680514797568
ml_replace_resource_with_mc_inn2_only,chase_difficulty,0.008832822553813457
ml_replace_resource_with_mc_inn2_only,is_powerplay,0.008813690626993775
ml_replace_resource_with_mc_inn2_only,runs_last_12,0.008804514305666089
ml_replace_resource_with_mc_inn2_only,boundary_pct_last_18,0.007089874939993024
ml_replace_resource_with_mc_inn2_only,rrr_times_wickets,0.006989629473537207
ml_replace_resource_with_mc_inn2_only,wickets_last_12,0.002491655992344022
