segment,variant,feature,importance
innings_1_death,augmented,resource_win_prob,0.12393013294786215
innings_1_death,augmented,projected_score,0.11455010250210762
innings_1_death,augmented,expected_final_score,0.07484791800379753
innings_1_death,augmented,projected_vs_venue_avg,0.05245429929345846
innings_1_death,augmented,venue_chase_success,0.038305710069835186
innings_1_death,augmented,bowling_team_win_rate,0.038081852719187737
innings_1_death,augmented,team_strength_diff,0.0355182490311563
innings_1_death,augmented,score_per_wicket,0.03530115354806185
innings_1_death,augmented,batting_team_situation_wr,0.03454734105616808
innings_1_death,augmented,batting_team_win_rate,0.034112845081835985
innings_1_death,augmented,score_vs_par,0.033850721549242735
innings_1_death,augmented,situation_advantage,0.03296962892636657
innings_1_death,augmented,bowling_team_situation_wr,0.029996376484632492
innings_1_death,augmented,batting_won_toss,0.028938835486769676
innings_1_death,augmented,cand_expected_final_x_wickets_in_hand,0.028763544280081987
innings_1_death,augmented,cand_bowling_situation_x_wickets_in_hand,0.0263310675509274
innings_1_death,augmented,cand_projected_vs_venue_x_wickets_in_hand,0.02543638041242957
innings_1_death,augmented,pressure_index,0.023304786067456007
innings_1_death,augmented,cand_boundary_x_wickets_in_hand,0.021633039927110076
innings_1_death,augmented,dls_pressure_index,0.020715417340397835
innings_1_death,augmented,cand_score_vs_par_x_wickets_in_hand,0.020429392345249653
innings_1_death,augmented,runs_last_18,0.01957182912155986
innings_1_death,augmented,wickets_times_balls,0.019158463925123215
innings_1_death,augmented,runs_last_12,0.017327622044831514
innings_1_death,augmented,cand_death_resource_pressure,0.01648212387226522
innings_1_death,augmented,wickets_last_12,0.01616124901920557
innings_1_death,augmented,boundary_pct_last_18,0.015484311617910862
innings_1_death,augmented,cand_wickets_in_hand,0.013763602823019028
innings_1_death,augmented,overs_remaining,0.008031983394175768
innings_1_death,augmented,chase_difficulty,0.0
innings_1_death,augmented,inn1_death_rr,0.0
innings_1_death,augmented,inn1_defendability,0.0
innings_1_death,augmented,inn1_pp_runs,0.0
innings_1_death,augmented,inn1_wickets_lost,0.0
innings_1_death,augmented,is_powerplay,0.0
innings_1_death,augmented,required_run_rate,0.0
innings_1_death,augmented,rrr_times_wickets,0.0
innings_1_death,augmented,run_rate_diff,0.0
innings_1_death,augmented,target_above_par,0.0
innings_1_death,baseline,resource_win_prob,0.1458614580333233
innings_1_death,baseline,projected_score,0.1302110031247139
innings_1_death,baseline,expected_final_score,0.08739257603883743
innings_1_death,baseline,projected_vs_venue_avg,0.056385873816907406
innings_1_death,baseline,venue_chase_success,0.045790981501340866
innings_1_death,baseline,bowling_team_win_rate,0.04562290385365486
innings_1_death,baseline,batting_team_win_rate,0.04227275960147381
innings_1_death,baseline,score_per_wicket,0.04201752971857786
innings_1_death,baseline,team_strength_diff,0.04199275281280279
innings_1_death,baseline,batting_team_situation_wr,0.04166529653593898
innings_1_death,baseline,situation_advantage,0.039111798629164696
innings_1_death,baseline,bowling_team_situation_wr,0.036668614484369755
innings_1_death,baseline,batting_won_toss,0.035735614597797394
innings_1_death,baseline,score_vs_par,0.03432777849957347
innings_1_death,baseline,pressure_index,0.03203311003744602
innings_1_death,baseline,runs_last_18,0.024548405781388283
innings_1_death,baseline,dls_pressure_index,0.023595729609951377
innings_1_death,baseline,wickets_times_balls,0.021370025584474206
innings_1_death,baseline,runs_last_12,0.02066511381417513
innings_1_death,baseline,wickets_last_12,0.019370209891349077
innings_1_death,baseline,boundary_pct_last_18,0.017642371589317918
innings_1_death,baseline,overs_remaining,0.015718089882284403
innings_1_death,baseline,chase_difficulty,0.0
innings_1_death,baseline,inn1_death_rr,0.0
innings_1_death,baseline,inn1_defendability,0.0
innings_1_death,baseline,inn1_pp_runs,0.0
innings_1_death,baseline,inn1_wickets_lost,0.0
innings_1_death,baseline,is_powerplay,0.0
innings_1_death,baseline,required_run_rate,0.0
innings_1_death,baseline,rrr_times_wickets,0.0
innings_1_death,baseline,run_rate_diff,0.0
innings_1_death,baseline,target_above_par,0.0
innings_2_powerplay,augmented,pressure_index,0.1515604481101036
innings_2_powerplay,augmented,resource_win_prob,0.12186390161514282
innings_2_powerplay,augmented,dls_pressure_index,0.08293899800628424
innings_2_powerplay,augmented,required_run_rate,0.0402353061363101
innings_2_powerplay,augmented,cand_target_above_par_x_wickets,0.0394157599657774
innings_2_powerplay,augmented,rrr_times_wickets,0.029794180067256093
innings_2_powerplay,augmented,target_above_par,0.028281896375119686
innings_2_powerplay,augmented,score_vs_par,0.02676902525126934
innings_2_powerplay,augmented,cand_required_minus_current_rr,0.024472333025187254
innings_2_powerplay,augmented,inn1_defendability,0.023543997202068567
innings_2_powerplay,augmented,cand_target_x_early_wicket_shock,0.02346884086728096
innings_2_powerplay,augmented,batting_team_win_rate,0.022522951941937208
innings_2_powerplay,augmented,chase_difficulty,0.02250118600204587
innings_2_powerplay,augmented,inn1_pp_runs,0.02241613809019327
innings_2_powerplay,augmented,expected_final_score,0.02235398581251502
innings_2_powerplay,augmented,cand_inn1_def_x_batting_wr,0.022241217084228992
innings_2_powerplay,augmented,wickets_times_balls,0.02059459313750267
innings_2_powerplay,augmented,team_strength_diff,0.02051357738673687
innings_2_powerplay,augmented,inn1_death_rr,0.02048409916460514
innings_2_powerplay,augmented,cand_target_above_par_x_venue_chase,0.02029004949145019
innings_2_powerplay,augmented,run_rate_diff,0.020043914206326008
innings_2_powerplay,augmented,venue_chase_success,0.01999561465345323
innings_2_powerplay,augmented,situation_advantage,0.01982201635837555
innings_2_powerplay,augmented,bowling_team_situation_wr,0.01934465509839356
innings_2_powerplay,augmented,batting_won_toss,0.019278620602563024
innings_2_powerplay,augmented,bowling_team_win_rate,0.019241143483668566
innings_2_powerplay,augmented,inn1_wickets_lost,0.01834529172629118
innings_2_powerplay,augmented,batting_team_situation_wr,0.018044190015643835
innings_2_powerplay,augmented,cand_early_chase_wicket_shock,0.016701828222721815
innings_2_powerplay,augmented,score_per_wicket,0.013583787134848535
innings_2_powerplay,augmented,runs_last_18,0.012287016375921667
innings_2_powerplay,augmented,runs_last_12,0.00973251205869019
innings_2_powerplay,augmented,boundary_pct_last_18,0.006145932915387675
innings_2_powerplay,augmented,wickets_last_12,0.0011709635145962238
innings_2_powerplay,augmented,is_powerplay,0.0
innings_2_powerplay,augmented,overs_remaining,0.0
innings_2_powerplay,augmented,projected_score,0.0
innings_2_powerplay,augmented,projected_vs_venue_avg,0.0
innings_2_powerplay,baseline,pressure_index,0.1512576173990965
innings_2_powerplay,baseline,resource_win_prob,0.14772264286875725
innings_2_powerplay,baseline,dls_pressure_index,0.10544989444315434
innings_2_powerplay,baseline,required_run_rate,0.04192787501960993
innings_2_powerplay,baseline,rrr_times_wickets,0.03288580384105444
innings_2_powerplay,baseline,target_above_par,0.03274310799315572
innings_2_powerplay,baseline,score_vs_par,0.03213825589045882
innings_2_powerplay,baseline,chase_difficulty,0.029762635473161936
innings_2_powerplay,baseline,batting_team_win_rate,0.027919438667595387
innings_2_powerplay,baseline,inn1_defendability,0.0278094420209527
innings_2_powerplay,baseline,inn1_pp_runs,0.025926844216883183
innings_2_powerplay,baseline,expected_final_score,0.02573816804215312
innings_2_powerplay,baseline,wickets_times_balls,0.025358611717820168
innings_2_powerplay,baseline,run_rate_diff,0.02531885774806142
innings_2_powerplay,baseline,team_strength_diff,0.024817886762320995
innings_2_powerplay,baseline,situation_advantage,0.024142518639564514
innings_2_powerplay,baseline,batting_team_situation_wr,0.023855492938309908
innings_2_powerplay,baseline,inn1_death_rr,0.023653386626392603
innings_2_powerplay,baseline,bowling_team_situation_wr,0.023337181191891432
innings_2_powerplay,baseline,venue_chase_success,0.02283605746924877
innings_2_powerplay,baseline,bowling_team_win_rate,0.022647586651146412
innings_2_powerplay,baseline,inn1_wickets_lost,0.021699185483157635
innings_2_powerplay,baseline,batting_won_toss,0.021486034151166677
innings_2_powerplay,baseline,score_per_wicket,0.01636872231028974
innings_2_powerplay,baseline,runs_last_18,0.014427255373448133
innings_2_powerplay,baseline,runs_last_12,0.01304815779440105
innings_2_powerplay,baseline,boundary_pct_last_18,0.011342442128807306
innings_2_powerplay,baseline,wickets_last_12,0.002551373792812228
innings_2_powerplay,baseline,overs_remaining,0.001827526546549052
innings_2_powerplay,baseline,is_powerplay,0.0
innings_2_powerplay,baseline,projected_score,0.0
innings_2_powerplay,baseline,projected_vs_venue_avg,0.0
