segment,variant,fold,feature,importance
innings_2_powerplay,baseline,1,expected_final_score,0.020234383642673492
innings_2_powerplay,baseline,1,resource_win_prob,0.10864883661270142
innings_2_powerplay,baseline,1,score_vs_par,0.03947802260518074
innings_2_powerplay,baseline,1,dls_pressure_index,0.11083758622407913
innings_2_powerplay,baseline,1,projected_vs_venue_avg,0.0
innings_2_powerplay,baseline,1,projected_score,0.0
innings_2_powerplay,baseline,1,is_powerplay,0.0
innings_2_powerplay,baseline,1,score_per_wicket,0.01146632432937622
innings_2_powerplay,baseline,1,run_rate_diff,0.024416927248239517
innings_2_powerplay,baseline,1,required_run_rate,0.10992801934480667
innings_2_powerplay,baseline,1,chase_difficulty,0.03949689492583275
innings_2_powerplay,baseline,1,wickets_times_balls,0.01467825286090374
innings_2_powerplay,baseline,1,pressure_index,0.07285367697477341
innings_2_powerplay,baseline,1,team_strength_diff,0.030713791027665138
innings_2_powerplay,baseline,1,rrr_times_wickets,0.05418223887681961
innings_2_powerplay,baseline,1,overs_remaining,0.0
innings_2_powerplay,baseline,1,batting_team_win_rate,0.03088448755443096
innings_2_powerplay,baseline,1,bowling_team_win_rate,0.028728840872645378
innings_2_powerplay,baseline,1,batting_team_situation_wr,0.02936122566461563
innings_2_powerplay,baseline,1,situation_advantage,0.026000555604696274
innings_2_powerplay,baseline,1,boundary_pct_last_18,0.01100115291774273
innings_2_powerplay,baseline,1,bowling_team_situation_wr,0.026079198345541954
innings_2_powerplay,baseline,1,runs_last_12,0.011404055170714855
innings_2_powerplay,baseline,1,runs_last_18,0.01313634030520916
innings_2_powerplay,baseline,1,wickets_last_12,0.0
innings_2_powerplay,baseline,1,inn1_defendability,0.03641883283853531
innings_2_powerplay,baseline,1,target_above_par,0.02824235148727894
innings_2_powerplay,baseline,1,inn1_wickets_lost,0.024304602295160294
innings_2_powerplay,baseline,1,inn1_death_rr,0.027697786688804626
innings_2_powerplay,baseline,1,inn1_pp_runs,0.026442786678671837
innings_2_powerplay,baseline,1,venue_chase_success,0.030458172783255577
innings_2_powerplay,baseline,1,batting_won_toss,0.012904677540063858
innings_2_powerplay,baseline,2,expected_final_score,0.02393205463886261
innings_2_powerplay,baseline,2,resource_win_prob,0.11947424709796906
innings_2_powerplay,baseline,2,score_vs_par,0.0272525604814291
innings_2_powerplay,baseline,2,dls_pressure_index,0.12392561137676239
innings_2_powerplay,baseline,2,projected_vs_venue_avg,0.0
innings_2_powerplay,baseline,2,projected_score,0.0
innings_2_powerplay,baseline,2,is_powerplay,0.0
innings_2_powerplay,baseline,2,score_per_wicket,0.018658140674233437
innings_2_powerplay,baseline,2,run_rate_diff,0.02799990586936474
innings_2_powerplay,baseline,2,required_run_rate,0.02234535664319992
innings_2_powerplay,baseline,2,chase_difficulty,0.0337313637137413
innings_2_powerplay,baseline,2,wickets_times_balls,0.03197847679257393
innings_2_powerplay,baseline,2,pressure_index,0.13111339509487152
innings_2_powerplay,baseline,2,team_strength_diff,0.028487740084528923
innings_2_powerplay,baseline,2,rrr_times_wickets,0.03238563612103462
innings_2_powerplay,baseline,2,overs_remaining,0.0
innings_2_powerplay,baseline,2,batting_team_win_rate,0.030378438532352448
innings_2_powerplay,baseline,2,bowling_team_win_rate,0.025558743625879288
innings_2_powerplay,baseline,2,batting_team_situation_wr,0.024820540100336075
innings_2_powerplay,baseline,2,situation_advantage,0.027292320504784584
innings_2_powerplay,baseline,2,boundary_pct_last_18,0.012365637347102165
innings_2_powerplay,baseline,2,bowling_team_situation_wr,0.027862966060638428
innings_2_powerplay,baseline,2,runs_last_12,0.02132796123623848
innings_2_powerplay,baseline,2,runs_last_18,0.011527693830430508
innings_2_powerplay,baseline,2,wickets_last_12,0.0
innings_2_powerplay,baseline,2,inn1_defendability,0.0294325090944767
innings_2_powerplay,baseline,2,target_above_par,0.03591331094503403
innings_2_powerplay,baseline,2,inn1_wickets_lost,0.02202337048947811
innings_2_powerplay,baseline,2,inn1_death_rr,0.025900164619088173
innings_2_powerplay,baseline,2,inn1_pp_runs,0.031567759811878204
innings_2_powerplay,baseline,2,venue_chase_success,0.024148575961589813
innings_2_powerplay,baseline,2,batting_won_toss,0.028595587238669395
innings_2_powerplay,baseline,3,expected_final_score,0.03203607723116875
innings_2_powerplay,baseline,3,resource_win_prob,0.1595814824104309
innings_2_powerplay,baseline,3,score_vs_par,0.03216526657342911
innings_2_powerplay,baseline,3,dls_pressure_index,0.08762430399656296
innings_2_powerplay,baseline,3,projected_vs_venue_avg,0.0
innings_2_powerplay,baseline,3,projected_score,0.0
innings_2_powerplay,baseline,3,is_powerplay,0.0
innings_2_powerplay,baseline,3,score_per_wicket,0.020223192870616913
innings_2_powerplay,baseline,3,run_rate_diff,0.02652847394347191
innings_2_powerplay,baseline,3,required_run_rate,0.019669128581881523
innings_2_powerplay,baseline,3,chase_difficulty,0.023532751947641373
innings_2_powerplay,baseline,3,wickets_times_balls,0.02345164306461811
innings_2_powerplay,baseline,3,pressure_index,0.19923552870750427
innings_2_powerplay,baseline,3,team_strength_diff,0.021600693464279175
innings_2_powerplay,baseline,3,rrr_times_wickets,0.028817983344197273
innings_2_powerplay,baseline,3,overs_remaining,0.0008287595119327307
innings_2_powerplay,baseline,3,batting_team_win_rate,0.026654468849301338
innings_2_powerplay,baseline,3,bowling_team_win_rate,0.020236318930983543
innings_2_powerplay,baseline,3,batting_team_situation_wr,0.021839188411831856
innings_2_powerplay,baseline,3,situation_advantage,0.0219583660364151
innings_2_powerplay,baseline,3,boundary_pct_last_18,0.010096544399857521
innings_2_powerplay,baseline,3,bowling_team_situation_wr,0.023257797583937645
innings_2_powerplay,baseline,3,runs_last_12,0.008336187340319157
innings_2_powerplay,baseline,3,runs_last_18,0.021289760246872902
innings_2_powerplay,baseline,3,wickets_last_12,0.0
innings_2_powerplay,baseline,3,inn1_defendability,0.02547687292098999
innings_2_powerplay,baseline,3,target_above_par,0.03363077715039253
innings_2_powerplay,baseline,3,inn1_wickets_lost,0.020610500127077103
innings_2_powerplay,baseline,3,inn1_death_rr,0.02106374502182007
innings_2_powerplay,baseline,3,inn1_pp_runs,0.024767516180872917
innings_2_powerplay,baseline,3,venue_chase_success,0.02048918977379799
innings_2_powerplay,baseline,3,batting_won_toss,0.024997467175126076
innings_2_powerplay,baseline,4,expected_final_score,0.02675015665590763
innings_2_powerplay,baseline,4,resource_win_prob,0.2031860053539276
innings_2_powerplay,baseline,4,score_vs_par,0.02965717390179634
innings_2_powerplay,baseline,4,dls_pressure_index,0.09941207617521286
innings_2_powerplay,baseline,4,projected_vs_venue_avg,0.0
innings_2_powerplay,baseline,4,projected_score,0.0
innings_2_powerplay,baseline,4,is_powerplay,0.0
innings_2_powerplay,baseline,4,score_per_wicket,0.015127231366932392
innings_2_powerplay,baseline,4,run_rate_diff,0.02233012393116951
innings_2_powerplay,baseline,4,required_run_rate,0.015768995508551598
innings_2_powerplay,baseline,4,chase_difficulty,0.02228953130543232
innings_2_powerplay,baseline,4,wickets_times_balls,0.03132607415318489
innings_2_powerplay,baseline,4,pressure_index,0.20182786881923676
innings_2_powerplay,baseline,4,team_strength_diff,0.018469322472810745
innings_2_powerplay,baseline,4,rrr_times_wickets,0.016157357022166252
innings_2_powerplay,baseline,4,overs_remaining,0.006481346674263477
innings_2_powerplay,baseline,4,batting_team_win_rate,0.0237603597342968
innings_2_powerplay,baseline,4,bowling_team_win_rate,0.01606644317507744
innings_2_powerplay,baseline,4,batting_team_situation_wr,0.01940101757645607
innings_2_powerplay,baseline,4,situation_advantage,0.0213188324123621
innings_2_powerplay,baseline,4,boundary_pct_last_18,0.01190643385052681
innings_2_powerplay,baseline,4,bowling_team_situation_wr,0.0161487627774477
innings_2_powerplay,baseline,4,runs_last_12,0.011124427430331707
innings_2_powerplay,baseline,4,runs_last_18,0.011755227111279964
innings_2_powerplay,baseline,4,wickets_last_12,0.010205495171248913
innings_2_powerplay,baseline,4,inn1_defendability,0.019909553229808807
innings_2_powerplay,baseline,4,target_above_par,0.033185992389917374
innings_2_powerplay,baseline,4,inn1_wickets_lost,0.01985826902091503
innings_2_powerplay,baseline,4,inn1_death_rr,0.019951850175857544
innings_2_powerplay,baseline,4,inn1_pp_runs,0.02092931419610977
innings_2_powerplay,baseline,4,venue_chase_success,0.016248291358351707
innings_2_powerplay,baseline,4,batting_won_toss,0.01944640465080738
innings_2_powerplay,augmented,1,expected_final_score,0.01825401932001114
innings_2_powerplay,augmented,1,resource_win_prob,0.09633450955152512
innings_2_powerplay,augmented,1,score_vs_par,0.03129861131310463
innings_2_powerplay,augmented,1,dls_pressure_index,0.1193733960390091
innings_2_powerplay,augmented,1,projected_vs_venue_avg,0.0
innings_2_powerplay,augmented,1,projected_score,0.0
innings_2_powerplay,augmented,1,is_powerplay,0.0
innings_2_powerplay,augmented,1,score_per_wicket,0.006166673731058836
innings_2_powerplay,augmented,1,run_rate_diff,0.019947057589888573
innings_2_powerplay,augmented,1,required_run_rate,0.10000531375408173
innings_2_powerplay,augmented,1,chase_difficulty,0.029887476935982704
innings_2_powerplay,augmented,1,wickets_times_balls,0.019908366724848747
innings_2_powerplay,augmented,1,pressure_index,0.056316688656806946
innings_2_powerplay,augmented,1,team_strength_diff,0.023055341094732285
innings_2_powerplay,augmented,1,rrr_times_wickets,0.052628155797719955
innings_2_powerplay,augmented,1,overs_remaining,0.0
innings_2_powerplay,augmented,1,batting_team_win_rate,0.024566881358623505
innings_2_powerplay,augmented,1,bowling_team_win_rate,0.02304547280073166
innings_2_powerplay,augmented,1,batting_team_situation_wr,0.018414989113807678
innings_2_powerplay,augmented,1,situation_advantage,0.020818596705794334
innings_2_powerplay,augmented,1,boundary_pct_last_18,0.00732166413217783
innings_2_powerplay,augmented,1,bowling_team_situation_wr,0.01890738308429718
innings_2_powerplay,augmented,1,runs_last_12,0.010532251559197903
innings_2_powerplay,augmented,1,runs_last_18,0.01641225442290306
innings_2_powerplay,augmented,1,wickets_last_12,0.0
innings_2_powerplay,augmented,1,inn1_defendability,0.02735385298728943
innings_2_powerplay,augmented,1,target_above_par,0.020656956359744072
innings_2_powerplay,augmented,1,inn1_wickets_lost,0.014521922916173935
innings_2_powerplay,augmented,1,inn1_death_rr,0.020872848108410835
innings_2_powerplay,augmented,1,inn1_pp_runs,0.022432377561926842
innings_2_powerplay,augmented,1,venue_chase_success,0.02558918669819832
innings_2_powerplay,augmented,1,batting_won_toss,0.015548345632851124
innings_2_powerplay,augmented,1,cand_target_above_par_x_wickets,0.03919454291462898
innings_2_powerplay,augmented,1,cand_target_above_par_x_venue_chase,0.021857043728232384
innings_2_powerplay,augmented,1,cand_inn1_def_x_batting_wr,0.020216410979628563
innings_2_powerplay,augmented,1,cand_required_minus_current_rr,0.01598281040787697
innings_2_powerplay,augmented,1,cand_early_chase_wicket_shock,0.01712805964052677
innings_2_powerplay,augmented,1,cand_target_x_early_wicket_shock,0.025450438261032104
innings_2_powerplay,augmented,2,expected_final_score,0.019543349742889404
innings_2_powerplay,augmented,2,resource_win_prob,0.10535215586423874
innings_2_powerplay,augmented,2,score_vs_par,0.02481740713119507
innings_2_powerplay,augmented,2,dls_pressure_index,0.07830062508583069
innings_2_powerplay,augmented,2,projected_vs_venue_avg,0.0
innings_2_powerplay,augmented,2,projected_score,0.0
innings_2_powerplay,augmented,2,is_powerplay,0.0
innings_2_powerplay,augmented,2,score_per_wicket,0.017387812957167625
innings_2_powerplay,augmented,2,run_rate_diff,0.02443675510585308
innings_2_powerplay,augmented,2,required_run_rate,0.0248345285654068
innings_2_powerplay,augmented,2,chase_difficulty,0.02164829894900322
innings_2_powerplay,augmented,2,wickets_times_balls,0.025465689599514008
innings_2_powerplay,augmented,2,pressure_index,0.13978329300880432
innings_2_powerplay,augmented,2,team_strength_diff,0.023344863206148148
innings_2_powerplay,augmented,2,rrr_times_wickets,0.031360916793346405
innings_2_powerplay,augmented,2,overs_remaining,0.0
innings_2_powerplay,augmented,2,batting_team_win_rate,0.023641429841518402
innings_2_powerplay,augmented,2,bowling_team_win_rate,0.02165375091135502
innings_2_powerplay,augmented,2,batting_team_situation_wr,0.020253684371709824
innings_2_powerplay,augmented,2,situation_advantage,0.021541163325309753
innings_2_powerplay,augmented,2,boundary_pct_last_18,0.0006876647239550948
innings_2_powerplay,augmented,2,bowling_team_situation_wr,0.023730983957648277
innings_2_powerplay,augmented,2,runs_last_12,0.00862008798867464
innings_2_powerplay,augmented,2,runs_last_18,0.007498694118112326
innings_2_powerplay,augmented,2,wickets_last_12,0.0
innings_2_powerplay,augmented,2,inn1_defendability,0.025549357756972313
innings_2_powerplay,augmented,2,target_above_par,0.03120269998908043
innings_2_powerplay,augmented,2,inn1_wickets_lost,0.0220047477632761
innings_2_powerplay,augmented,2,inn1_death_rr,0.023530757054686546
innings_2_powerplay,augmented,2,inn1_pp_runs,0.025460761040449142
innings_2_powerplay,augmented,2,venue_chase_success,0.022037846967577934
innings_2_powerplay,augmented,2,batting_won_toss,0.02176843397319317
innings_2_powerplay,augmented,2,cand_target_above_par_x_wickets,0.044157158583402634
innings_2_powerplay,augmented,2,cand_target_above_par_x_venue_chase,0.022043975070118904
innings_2_powerplay,augmented,2,cand_inn1_def_x_batting_wr,0.025886287912726402
innings_2_powerplay,augmented,2,cand_required_minus_current_rr,0.030238639563322067
innings_2_powerplay,augmented,2,cand_early_chase_wicket_shock,0.019159646704792976
innings_2_powerplay,augmented,2,cand_target_x_early_wicket_shock,0.023056510835886
innings_2_powerplay,augmented,3,expected_final_score,0.025521019473671913
innings_2_powerplay,augmented,3,resource_win_prob,0.12867653369903564
innings_2_powerplay,augmented,3,score_vs_par,0.02510225586593151
innings_2_powerplay,augmented,3,dls_pressure_index,0.05879399552941322
innings_2_powerplay,augmented,3,projected_vs_venue_avg,0.0
innings_2_powerplay,augmented,3,projected_score,0.0
innings_2_powerplay,augmented,3,is_powerplay,0.0
innings_2_powerplay,augmented,3,score_per_wicket,0.018031127750873566
innings_2_powerplay,augmented,3,run_rate_diff,0.018487026914954185
innings_2_powerplay,augmented,3,required_run_rate,0.019680002704262733
innings_2_powerplay,augmented,3,chase_difficulty,0.01961721107363701
innings_2_powerplay,augmented,3,wickets_times_balls,0.018663514405488968
innings_2_powerplay,augmented,3,pressure_index,0.20380543172359467
innings_2_powerplay,augmented,3,team_strength_diff,0.01838047057390213
innings_2_powerplay,augmented,3,rrr_times_wickets,0.023098569363355637
innings_2_powerplay,augmented,3,overs_remaining,0.0
innings_2_powerplay,augmented,3,batting_team_win_rate,0.022359924390912056
innings_2_powerplay,augmented,3,bowling_team_win_rate,0.016700785607099533
innings_2_powerplay,augmented,3,batting_team_situation_wr,0.01739358715713024
innings_2_powerplay,augmented,3,situation_advantage,0.018116971477866173
innings_2_powerplay,augmented,3,boundary_pct_last_18,0.006323883775621653
innings_2_powerplay,augmented,3,bowling_team_situation_wr,0.02018694579601288
innings_2_powerplay,augmented,3,runs_last_12,0.010435099713504314
innings_2_powerplay,augmented,3,runs_last_18,0.015018687583506107
innings_2_powerplay,augmented,3,wickets_last_12,0.0
innings_2_powerplay,augmented,3,inn1_defendability,0.023753903806209564
innings_2_powerplay,augmented,3,target_above_par,0.029249155893921852
innings_2_powerplay,augmented,3,inn1_wickets_lost,0.02004963345825672
innings_2_powerplay,augmented,3,inn1_death_rr,0.019261742010712624
innings_2_powerplay,augmented,3,inn1_pp_runs,0.021929465234279633
innings_2_powerplay,augmented,3,venue_chase_success,0.018183989450335503
innings_2_powerplay,augmented,3,batting_won_toss,0.02034628950059414
innings_2_powerplay,augmented,3,cand_target_above_par_x_wickets,0.035383764654397964
innings_2_powerplay,augmented,3,cand_target_above_par_x_venue_chase,0.022372497245669365
innings_2_powerplay,augmented,3,cand_inn1_def_x_batting_wr,0.022889384999871254
innings_2_powerplay,augmented,3,cand_required_minus_current_rr,0.02781909704208374
innings_2_powerplay,augmented,3,cand_early_chase_wicket_shock,0.013644224032759666
innings_2_powerplay,augmented,3,cand_target_x_early_wicket_shock,0.020723776891827583
innings_2_powerplay,augmented,4,expected_final_score,0.026097554713487625
innings_2_powerplay,augmented,4,resource_win_prob,0.1570924073457718
innings_2_powerplay,augmented,4,score_vs_par,0.025857826694846153
innings_2_powerplay,augmented,4,dls_pressure_index,0.07528797537088394
innings_2_powerplay,augmented,4,projected_vs_venue_avg,0.0
innings_2_powerplay,augmented,4,projected_score,0.0
innings_2_powerplay,augmented,4,is_powerplay,0.0
innings_2_powerplay,augmented,4,score_per_wicket,0.012749534100294113
innings_2_powerplay,augmented,4,run_rate_diff,0.017304817214608192
innings_2_powerplay,augmented,4,required_run_rate,0.016421379521489143
innings_2_powerplay,augmented,4,chase_difficulty,0.018851757049560547
innings_2_powerplay,augmented,4,wickets_times_balls,0.01834080182015896
innings_2_powerplay,augmented,4,pressure_index,0.2063363790512085
innings_2_powerplay,augmented,4,team_strength_diff,0.017273634672164917
innings_2_powerplay,augmented,4,rrr_times_wickets,0.012089078314602375
innings_2_powerplay,augmented,4,overs_remaining,0.0
innings_2_powerplay,augmented,4,batting_team_win_rate,0.01952357217669487
innings_2_powerplay,augmented,4,bowling_team_win_rate,0.015564564615488052
innings_2_powerplay,augmented,4,batting_team_situation_wr,0.016114499419927597
innings_2_powerplay,augmented,4,situation_advantage,0.018811333924531937
innings_2_powerplay,augmented,4,boundary_pct_last_18,0.010250519029796124
innings_2_powerplay,augmented,4,bowling_team_situation_wr,0.014553307555615902
innings_2_powerplay,augmented,4,runs_last_12,0.009342608973383904
innings_2_powerplay,augmented,4,runs_last_18,0.010218429379165173
innings_2_powerplay,augmented,4,wickets_last_12,0.004683854058384895
innings_2_powerplay,augmented,4,inn1_defendability,0.017518874257802963
innings_2_powerplay,augmented,4,target_above_par,0.03201877325773239
innings_2_powerplay,augmented,4,inn1_wickets_lost,0.016804862767457962
innings_2_powerplay,augmented,4,inn1_death_rr,0.018271049484610558
innings_2_powerplay,augmented,4,inn1_pp_runs,0.01984194852411747
innings_2_powerplay,augmented,4,venue_chase_success,0.014171435497701168
innings_2_powerplay,augmented,4,batting_won_toss,0.019451413303613663
innings_2_powerplay,augmented,4,cand_target_above_par_x_wickets,0.03892757371068001
innings_2_powerplay,augmented,4,cand_target_above_par_x_venue_chase,0.01488668192178011
innings_2_powerplay,augmented,4,cand_inn1_def_x_batting_wr,0.01997278444468975
innings_2_powerplay,augmented,4,cand_required_minus_current_rr,0.02384878508746624
innings_2_powerplay,augmented,4,cand_early_chase_wicket_shock,0.016875382512807846
innings_2_powerplay,augmented,4,cand_target_x_early_wicket_shock,0.02464463748037815
innings_1_death,baseline,1,expected_final_score,0.04982031136751175
innings_1_death,baseline,1,resource_win_prob,0.07063595205545425
innings_1_death,baseline,1,score_vs_par,0.02479739300906658
innings_1_death,baseline,1,dls_pressure_index,0.033215995877981186
innings_1_death,baseline,1,projected_vs_venue_avg,0.04507394880056381
innings_1_death,baseline,1,projected_score,0.12800881266593933
innings_1_death,baseline,1,is_powerplay,0.0
innings_1_death,baseline,1,score_per_wicket,0.04861617460846901
innings_1_death,baseline,1,run_rate_diff,0.0
innings_1_death,baseline,1,required_run_rate,0.0
innings_1_death,baseline,1,chase_difficulty,0.0
innings_1_death,baseline,1,wickets_times_balls,0.02709619142115116
innings_1_death,baseline,1,pressure_index,0.04153604060411453
innings_1_death,baseline,1,team_strength_diff,0.0454743392765522
innings_1_death,baseline,1,rrr_times_wickets,0.0
innings_1_death,baseline,1,overs_remaining,0.025604473426938057
innings_1_death,baseline,1,batting_team_win_rate,0.059535931795835495
innings_1_death,baseline,1,bowling_team_win_rate,0.06249302998185158
innings_1_death,baseline,1,batting_team_situation_wr,0.056372035294771194
innings_1_death,baseline,1,situation_advantage,0.04516003280878067
innings_1_death,baseline,1,boundary_pct_last_18,0.0220122579485178
innings_1_death,baseline,1,bowling_team_situation_wr,0.03788074478507042
innings_1_death,baseline,1,runs_last_12,0.023349063470959663
innings_1_death,baseline,1,runs_last_18,0.03406651318073273
innings_1_death,baseline,1,wickets_last_12,0.019155550748109818
innings_1_death,baseline,1,inn1_defendability,0.0
innings_1_death,baseline,1,target_above_par,0.0
innings_1_death,baseline,1,inn1_wickets_lost,0.0
innings_1_death,baseline,1,inn1_death_rr,0.0
innings_1_death,baseline,1,inn1_pp_runs,0.0
innings_1_death,baseline,1,venue_chase_success,0.06189417466521263
innings_1_death,baseline,1,batting_won_toss,0.0382009893655777
innings_1_death,baseline,2,expected_final_score,0.10378295183181763
innings_1_death,baseline,2,resource_win_prob,0.06941818445920944
innings_1_death,baseline,2,score_vs_par,0.035481907427310944
innings_1_death,baseline,2,dls_pressure_index,0.023760613054037094
innings_1_death,baseline,2,projected_vs_venue_avg,0.06272651255130768
innings_1_death,baseline,2,projected_score,0.1592157930135727
innings_1_death,baseline,2,is_powerplay,0.0
innings_1_death,baseline,2,score_per_wicket,0.047355640679597855
innings_1_death,baseline,2,run_rate_diff,0.0
innings_1_death,baseline,2,required_run_rate,0.0
innings_1_death,baseline,2,chase_difficulty,0.0
innings_1_death,baseline,2,wickets_times_balls,0.02240503951907158
innings_1_death,baseline,2,pressure_index,0.023902686312794685
innings_1_death,baseline,2,team_strength_diff,0.05089064687490463
innings_1_death,baseline,2,rrr_times_wickets,0.0
innings_1_death,baseline,2,overs_remaining,0.00944371148943901
innings_1_death,baseline,2,batting_team_win_rate,0.043550554662942886
innings_1_death,baseline,2,bowling_team_win_rate,0.0439930260181427
innings_1_death,baseline,2,batting_team_situation_wr,0.04724671319127083
innings_1_death,baseline,2,situation_advantage,0.04121967405080795
innings_1_death,baseline,2,boundary_pct_last_18,0.018809085711836815
innings_1_death,baseline,2,bowling_team_situation_wr,0.040423884987831116
innings_1_death,baseline,2,runs_last_12,0.022608164697885513
innings_1_death,baseline,2,runs_last_18,0.025604309514164925
innings_1_death,baseline,2,wickets_last_12,0.020212508738040924
innings_1_death,baseline,2,inn1_defendability,0.0
innings_1_death,baseline,2,target_above_par,0.0
innings_1_death,baseline,2,inn1_wickets_lost,0.0
innings_1_death,baseline,2,inn1_death_rr,0.0
innings_1_death,baseline,2,inn1_pp_runs,0.0
innings_1_death,baseline,2,venue_chase_success,0.04861919954419136
innings_1_death,baseline,2,batting_won_toss,0.03932919725775719
innings_1_death,baseline,3,expected_final_score,0.11531519889831543
innings_1_death,baseline,3,resource_win_prob,0.16901613771915436
innings_1_death,baseline,3,score_vs_par,0.032293159514665604
innings_1_death,baseline,3,dls_pressure_index,0.015151827596127987
innings_1_death,baseline,3,projected_vs_venue_avg,0.05437557026743889
innings_1_death,baseline,3,projected_score,0.14330416917800903
innings_1_death,baseline,3,is_powerplay,0.0
innings_1_death,baseline,3,score_per_wicket,0.04079553857445717
innings_1_death,baseline,3,run_rate_diff,0.0
innings_1_death,baseline,3,required_run_rate,0.0
innings_1_death,baseline,3,chase_difficulty,0.0
innings_1_death,baseline,3,wickets_times_balls,0.02096155658364296
innings_1_death,baseline,3,pressure_index,0.030977966263890266
innings_1_death,baseline,3,team_strength_diff,0.03932269662618637
innings_1_death,baseline,3,rrr_times_wickets,0.0
innings_1_death,baseline,3,overs_remaining,0.016417711973190308
innings_1_death,baseline,3,batting_team_win_rate,0.032750584185123444
innings_1_death,baseline,3,bowling_team_win_rate,0.03947875276207924
innings_1_death,baseline,3,batting_team_situation_wr,0.03644479438662529
innings_1_death,baseline,3,situation_advantage,0.03557823598384857
innings_1_death,baseline,3,boundary_pct_last_18,0.014978847466409206
innings_1_death,baseline,3,bowling_team_situation_wr,0.03377314284443855
innings_1_death,baseline,3,runs_last_12,0.0195784792304039
innings_1_death,baseline,3,runs_last_18,0.018882833421230316
innings_1_death,baseline,3,wickets_last_12,0.0215778686106205
innings_1_death,baseline,3,inn1_defendability,0.0
innings_1_death,baseline,3,target_above_par,0.0
innings_1_death,baseline,3,inn1_wickets_lost,0.0
innings_1_death,baseline,3,inn1_death_rr,0.0
innings_1_death,baseline,3,inn1_pp_runs,0.0
innings_1_death,baseline,3,venue_chase_success,0.0373050682246685
innings_1_death,baseline,3,batting_won_toss,0.03171985596418381
innings_1_death,baseline,4,expected_final_score,0.08065184205770493
innings_1_death,baseline,4,resource_win_prob,0.2743755578994751
innings_1_death,baseline,4,score_vs_par,0.04473865404725075
innings_1_death,baseline,4,dls_pressure_index,0.02225448191165924
innings_1_death,baseline,4,projected_vs_venue_avg,0.06336746364831924
innings_1_death,baseline,4,projected_score,0.09031523764133453
innings_1_death,baseline,4,is_powerplay,0.0
innings_1_death,baseline,4,score_per_wicket,0.031302765011787415
innings_1_death,baseline,4,run_rate_diff,0.0
innings_1_death,baseline,4,required_run_rate,0.0
innings_1_death,baseline,4,chase_difficulty,0.0
innings_1_death,baseline,4,wickets_times_balls,0.015017314814031124
innings_1_death,baseline,4,pressure_index,0.031715746968984604
innings_1_death,baseline,4,team_strength_diff,0.03228332847356796
innings_1_death,baseline,4,rrr_times_wickets,0.0
innings_1_death,baseline,4,overs_remaining,0.011406462639570236
innings_1_death,baseline,4,batting_team_win_rate,0.03325396776199341
innings_1_death,baseline,4,bowling_team_win_rate,0.03652680665254593
innings_1_death,baseline,4,batting_team_situation_wr,0.0265976432710886
innings_1_death,baseline,4,situation_advantage,0.03448925167322159
innings_1_death,baseline,4,boundary_pct_last_18,0.01476929523050785
innings_1_death,baseline,4,bowling_team_situation_wr,0.03459668532013893
innings_1_death,baseline,4,runs_last_12,0.01712474785745144
innings_1_death,baseline,4,runs_last_18,0.019639967009425163
innings_1_death,baseline,4,wickets_last_12,0.01653491146862507
innings_1_death,baseline,4,inn1_defendability,0.0
innings_1_death,baseline,4,target_above_par,0.0
innings_1_death,baseline,4,inn1_wickets_lost,0.0
innings_1_death,baseline,4,inn1_death_rr,0.0
innings_1_death,baseline,4,inn1_pp_runs,0.0
innings_1_death,baseline,4,venue_chase_success,0.03534548357129097
innings_1_death,baseline,4,batting_won_toss,0.03369241580367088
innings_1_death,augmented,1,expected_final_score,0.04209595173597336
innings_1_death,augmented,1,resource_win_prob,0.04930754378437996
innings_1_death,augmented,1,score_vs_par,0.022922802716493607
innings_1_death,augmented,1,dls_pressure_index,0.029406575486063957
innings_1_death,augmented,1,projected_vs_venue_avg,0.03467131778597832
innings_1_death,augmented,1,projected_score,0.10980091243982315
innings_1_death,augmented,1,is_powerplay,0.0
innings_1_death,augmented,1,score_per_wicket,0.038443781435489655
innings_1_death,augmented,1,run_rate_diff,0.0
innings_1_death,augmented,1,required_run_rate,0.0
innings_1_death,augmented,1,chase_difficulty,0.0
innings_1_death,augmented,1,wickets_times_balls,0.022186756134033203
innings_1_death,augmented,1,pressure_index,0.03600902482867241
innings_1_death,augmented,1,team_strength_diff,0.040224839001894
innings_1_death,augmented,1,rrr_times_wickets,0.0
innings_1_death,augmented,1,overs_remaining,0.0
innings_1_death,augmented,1,batting_team_win_rate,0.04545570909976959
innings_1_death,augmented,1,bowling_team_win_rate,0.047721050679683685
innings_1_death,augmented,1,batting_team_situation_wr,0.04311523959040642
innings_1_death,augmented,1,situation_advantage,0.03728252276778221
innings_1_death,augmented,1,boundary_pct_last_18,0.016014866530895233
innings_1_death,augmented,1,bowling_team_situation_wr,0.029348624870181084
innings_1_death,augmented,1,runs_last_12,0.02001422829926014
innings_1_death,augmented,1,runs_last_18,0.026930203661322594
innings_1_death,augmented,1,wickets_last_12,0.017229896038770676
innings_1_death,augmented,1,inn1_defendability,0.0
innings_1_death,augmented,1,target_above_par,0.0
innings_1_death,augmented,1,inn1_wickets_lost,0.0
innings_1_death,augmented,1,inn1_death_rr,0.0
innings_1_death,augmented,1,inn1_pp_runs,0.0
innings_1_death,augmented,1,venue_chase_success,0.051044341176748276
innings_1_death,augmented,1,batting_won_toss,0.03128516674041748
innings_1_death,augmented,1,cand_wickets_in_hand,0.03307751938700676
innings_1_death,augmented,1,cand_score_vs_par_x_wickets_in_hand,0.025083940476179123
innings_1_death,augmented,1,cand_expected_final_x_wickets_in_hand,0.0355059914290905
innings_1_death,augmented,1,cand_projected_vs_venue_x_wickets_in_hand,0.03292534500360489
innings_1_death,augmented,1,cand_boundary_x_wickets_in_hand,0.029869474470615387
innings_1_death,augmented,1,cand_bowling_situation_x_wickets_in_hand,0.02864948846399784
innings_1_death,augmented,1,cand_death_resource_pressure,0.024376969784498215
innings_1_death,augmented,2,expected_final_score,0.07537426054477692
innings_1_death,augmented,2,resource_win_prob,0.05937456339597702
innings_1_death,augmented,2,score_vs_par,0.027916522696614265
innings_1_death,augmented,2,dls_pressure_index,0.023150406777858734
innings_1_death,augmented,2,projected_vs_venue_avg,0.05720270425081253
innings_1_death,augmented,2,projected_score,0.15349839627742767
innings_1_death,augmented,2,is_powerplay,0.0
innings_1_death,augmented,2,score_per_wicket,0.03871851786971092
innings_1_death,augmented,2,run_rate_diff,0.0
innings_1_death,augmented,2,required_run_rate,0.0
innings_1_death,augmented,2,chase_difficulty,0.0
innings_1_death,augmented,2,wickets_times_balls,0.01857834681868553
innings_1_death,augmented,2,pressure_index,0.01638699322938919
innings_1_death,augmented,2,team_strength_diff,0.041290171444416046
innings_1_death,augmented,2,rrr_times_wickets,0.0
innings_1_death,augmented,2,overs_remaining,0.02512006089091301
innings_1_death,augmented,2,batting_team_win_rate,0.03478636592626572
innings_1_death,augmented,2,bowling_team_win_rate,0.03675173968076706
innings_1_death,augmented,2,batting_team_situation_wr,0.03813635930418968
innings_1_death,augmented,2,situation_advantage,0.03544790670275688
innings_1_death,augmented,2,boundary_pct_last_18,0.019228851422667503
innings_1_death,augmented,2,bowling_team_situation_wr,0.032586339861154556
innings_1_death,augmented,2,runs_last_12,0.021076679229736328
innings_1_death,augmented,2,runs_last_18,0.017628274857997894
innings_1_death,augmented,2,wickets_last_12,0.017101574689149857
innings_1_death,augmented,2,inn1_defendability,0.0
innings_1_death,augmented,2,target_above_par,0.0
innings_1_death,augmented,2,inn1_wickets_lost,0.0
innings_1_death,augmented,2,inn1_death_rr,0.0
innings_1_death,augmented,2,inn1_pp_runs,0.0
innings_1_death,augmented,2,venue_chase_success,0.040214646607637405
innings_1_death,augmented,2,batting_won_toss,0.028822999447584152
innings_1_death,augmented,2,cand_wickets_in_hand,0.0
innings_1_death,augmented,2,cand_score_vs_par_x_wickets_in_hand,0.021891627460718155
innings_1_death,augmented,2,cand_expected_final_x_wickets_in_hand,0.022555436939001083
innings_1_death,augmented,2,cand_projected_vs_venue_x_wickets_in_hand,0.02552855759859085
innings_1_death,augmented,2,cand_boundary_x_wickets_in_hand,0.024306800216436386
innings_1_death,augmented,2,cand_bowling_situation_x_wickets_in_hand,0.030575301498174667
innings_1_death,augmented,2,cand_death_resource_pressure,0.01674952171742916
innings_1_death,augmented,3,expected_final_score,0.09795036166906357
innings_1_death,augmented,3,resource_win_prob,0.15829835832118988
innings_1_death,augmented,3,score_vs_par,0.031430941075086594
innings_1_death,augmented,3,dls_pressure_index,0.015653757378458977
innings_1_death,augmented,3,projected_vs_venue_avg,0.05705277621746063
innings_1_death,augmented,3,projected_score,0.12193669378757477
innings_1_death,augmented,3,is_powerplay,0.0
innings_1_death,augmented,3,score_per_wicket,0.037828411906957626
innings_1_death,augmented,3,run_rate_diff,0.0
innings_1_death,augmented,3,required_run_rate,0.0
innings_1_death,augmented,3,chase_difficulty,0.0
innings_1_death,augmented,3,wickets_times_balls,0.018560055643320084
innings_1_death,augmented,3,pressure_index,0.026116754859685898
innings_1_death,augmented,3,team_strength_diff,0.03332194685935974
innings_1_death,augmented,3,rrr_times_wickets,0.0
innings_1_death,augmented,3,overs_remaining,0.0
innings_1_death,augmented,3,batting_team_win_rate,0.02897389978170395
innings_1_death,augmented,3,bowling_team_win_rate,0.03421942517161369
innings_1_death,augmented,3,batting_team_situation_wr,0.033076778054237366
innings_1_death,augmented,3,situation_advantage,0.030258212238550186
innings_1_death,augmented,3,boundary_pct_last_18,0.013176935724914074
innings_1_death,augmented,3,bowling_team_situation_wr,0.028473619371652603
innings_1_death,augmented,3,runs_last_12,0.015900397673249245
innings_1_death,augmented,3,runs_last_18,0.017466779798269272
innings_1_death,augmented,3,wickets_last_12,0.019619420170783997
innings_1_death,augmented,3,inn1_defendability,0.0
innings_1_death,augmented,3,target_above_par,0.0
innings_1_death,augmented,3,inn1_wickets_lost,0.0
innings_1_death,augmented,3,inn1_death_rr,0.0
innings_1_death,augmented,3,inn1_pp_runs,0.0
innings_1_death,augmented,3,venue_chase_success,0.032028235495090485
innings_1_death,augmented,3,batting_won_toss,0.027142811566591263
innings_1_death,augmented,3,cand_wickets_in_hand,0.0
innings_1_death,augmented,3,cand_score_vs_par_x_wickets_in_hand,0.017390593886375427
innings_1_death,augmented,3,cand_expected_final_x_wickets_in_hand,0.02778850682079792
innings_1_death,augmented,3,cand_projected_vs_venue_x_wickets_in_hand,0.022751742973923683
innings_1_death,augmented,3,cand_boundary_x_wickets_in_hand,0.015385317616164684
innings_1_death,augmented,3,cand_bowling_situation_x_wickets_in_hand,0.026358909904956818
innings_1_death,augmented,3,cand_death_resource_pressure,0.011838303878903389
innings_1_death,augmented,4,expected_final_score,0.08397109806537628
innings_1_death,augmented,4,resource_win_prob,0.22874006628990173
innings_1_death,augmented,4,score_vs_par,0.053132619708776474
innings_1_death,augmented,4,dls_pressure_index,0.014650929719209671
innings_1_death,augmented,4,projected_vs_venue_avg,0.06089039891958237
innings_1_death,augmented,4,projected_score,0.07296440750360489
innings_1_death,augmented,4,is_powerplay,0.0
innings_1_death,augmented,4,score_per_wicket,0.026213902980089188
innings_1_death,augmented,4,run_rate_diff,0.0
innings_1_death,augmented,4,required_run_rate,0.0
innings_1_death,augmented,4,chase_difficulty,0.0
innings_1_death,augmented,4,wickets_times_balls,0.01730869710445404
innings_1_death,augmented,4,pressure_index,0.01470637135207653
innings_1_death,augmented,4,team_strength_diff,0.02723603881895542
innings_1_death,augmented,4,rrr_times_wickets,0.0
innings_1_death,augmented,4,overs_remaining,0.007007872685790062
innings_1_death,augmented,4,batting_team_win_rate,0.027235405519604683
innings_1_death,augmented,4,bowling_team_win_rate,0.03363519534468651
innings_1_death,augmented,4,batting_team_situation_wr,0.023860987275838852
innings_1_death,augmented,4,situation_advantage,0.02888987399637699
innings_1_death,augmented,4,boundary_pct_last_18,0.013516592793166637
innings_1_death,augmented,4,bowling_team_situation_wr,0.029576921835541725
innings_1_death,augmented,4,runs_last_12,0.012319182977080345
innings_1_death,augmented,4,runs_last_18,0.016262058168649673
innings_1_death,augmented,4,wickets_last_12,0.010694105178117752
innings_1_death,augmented,4,inn1_defendability,0.0
innings_1_death,augmented,4,target_above_par,0.0
innings_1_death,augmented,4,inn1_wickets_lost,0.0
innings_1_death,augmented,4,inn1_death_rr,0.0
innings_1_death,augmented,4,inn1_pp_runs,0.0
innings_1_death,augmented,4,venue_chase_success,0.029935616999864578
innings_1_death,augmented,4,batting_won_toss,0.02850436419248581
innings_1_death,augmented,4,cand_wickets_in_hand,0.02197689190506935
innings_1_death,augmented,4,cand_score_vs_par_x_wickets_in_hand,0.017351407557725906
innings_1_death,augmented,4,cand_expected_final_x_wickets_in_hand,0.029204241931438446
innings_1_death,augmented,4,cand_projected_vs_venue_x_wickets_in_hand,0.02053987607359886
innings_1_death,augmented,4,cand_boundary_x_wickets_in_hand,0.016970567405223846
innings_1_death,augmented,4,cand_bowling_situation_x_wickets_in_hand,0.019740570336580276
innings_1_death,augmented,4,cand_death_resource_pressure,0.012963700108230114
