candidate,segment,situation,n,matches,brier,brier_delta_vs_v14,brier_delta_pct_vs_v14,logloss,logloss_delta_pct_vs_v14,mean_pred,actual_wr,bias,abs_error,ece
v14_calibrated,overall,all,10047,93,0.1117501545724562,0.0,0.0,0.3743111001646648,0.0,0.48996301680758714,0.5205533990245844,-0.03059038221699728,0.03059038221699728,0.06365313900727879
v14_calibrated,high_chase,all_high,4258,37,0.08538188069588118,0.0,0.0,0.28027928817173403,0.0,0.29869697885837176,0.2576326914044152,0.04106428745395657,0.04106428745395657,0.07123686106447821
v14_calibrated,phase,phase=pp,3481,93,0.14382286332319885,0.0,0.0,0.49928495135452433,0.0,0.47172487728215173,0.5466819879345016,-0.07495711065234989,0.07495711065234989,0.13332019772949555
v14_calibrated,high_phase,phase=pp,1394,37,0.1287323774785409,0.0,0.0,0.3942073686266907,0.0,0.2765922581522481,0.27116212338593976,0.0054301347663083255,0.0054301347663083255,0.08006191750154608
v14_calibrated,phase,phase=mid,5050,93,0.10369643445698584,0.0,0.0,0.33743639494934685,0.0,0.520358771442801,0.5376237623762377,-0.017264990933436697,0.017264990933436697,0.04824089968540228
v14_calibrated,high_phase,phase=mid,2089,37,0.07498730978576752,0.0,0.0,0.2612079089847772,0.0,0.31846500458833576,0.26807084729535663,0.050394157292979136,0.050394157292979136,0.1012546808166063
v14_calibrated,phase,phase=death,1516,79,0.06493365551031245,0.0,0.0,0.2101839796801359,0.0,0.4305886123090453,0.40369393139841686,0.026894680910628466,0.026894680910628466,0.04251871954290364
v14_calibrated,high_phase,phase=death,775,35,0.03542532084581636,0.0,0.0,0.1267623423231447,0.0,0.28517255939313557,0.20516129032258065,0.08001126907055492,0.08001126907055492,0.09544026389162666
v14_raw_all,overall,all,10047,93,0.10987947204856607,-0.0018706825238901242,-1.67398652023986,0.35501283257529614,-5.155676008774269,0.48492374610442,0.5205533990245844,-0.0356296529201644,0.0356296529201644,0.060319282842595426
v14_raw_all,high_chase,all_high,4258,37,0.08231959772517164,-0.00306228297070954,-3.586572403595772,0.26956384917621395,-3.8231290886376392,0.286978235176822,0.2576326914044152,0.029345543772406835,0.029345543772406835,0.05533401286494695
v14_raw_all,phase,phase=pp,3481,93,0.1403993743526025,-0.0034234889705963556,-2.380351003653076,0.4482440233551649,-10.222805205902773,0.46085013727240254,0.5466819879345016,-0.08583185066209909,0.08583185066209909,0.11649696201077753
v14_raw_all,high_phase,phase=pp,1394,37,0.12600844634258634,-0.002723931135954566,-2.1159642890994013,0.38332724763323683,-2.759999396093786,0.25383486399101496,0.27116212338593976,-0.0173272593949248,0.0173272593949248,0.06615683610387146
v14_raw_all,phase,phase=mid,5050,93,0.10268284351827603,-0.001013590938709813,-0.9774597786486662,0.33494836132554806,-0.7373341053422153,0.5181860018627863,0.5376237623762377,-0.019437760513451363,0.019437760513451363,0.0449369254751642
v14_raw_all,high_phase,phase=mid,2089,37,0.07171551981549738,-0.003271789970270139,-4.3631248802195595,0.24944799290592656,-4.50212863942645,0.30996328100604187,0.26807084729535663,0.04189243371068524,0.04189243371068524,0.0897679199763139
v14_raw_all,phase,phase=death,1516,79,0.06377339959316633,-0.0011602559171461219,-1.7868328958653121,0.2077752367352594,-1.1460164321477768,0.42939989436596576,0.40369393139841686,0.0257059629675489,0.0257059629675489,0.03425061851685685
v14_raw_all,high_phase,phase=death,775,35,0.032319163893730934,-0.003106156952085423,-8.76818297738086,0.1191584895627178,-5.998510773052016,0.2846377173649181,0.20516129032258065,0.07947642704233746,0.07947642704233746,0.09139203223881966
raw_for_high_all_phases,overall,all,10047,93,0.11045233423909488,-0.0012978203333613159,-1.1613588708907239,0.36976981030272343,-1.2132394310357286,0.4849965182910111,0.5205533990245844,-0.035556880733573326,0.035556880733573326,0.06249614393155071
raw_for_high_all_phases,high_chase,all_high,4258,37,0.08231959772517164,-0.00306228297070954,-3.586572403595772,0.26956384917621395,-3.8231290886376392,0.286978235176822,0.2576326914044152,0.029345543772406835,0.029345543772406835,0.05533401286494695
raw_for_high_all_phases,phase,phase=pp,3481,93,0.14273203884646207,-0.0010908244767367792,-0.7584499790450407,0.4949279020397082,-0.8726578485884176,0.4626114594537234,0.5466819879345016,-0.08407052848077823,0.08407052848077823,0.1235625257062571
raw_for_high_all_phases,high_phase,phase=pp,1394,37,0.12600844634258634,-0.002723931135954566,-2.1159642890994013,0.38332724763323683,-2.759999396093786,0.25383486399101496,0.27116212338593976,-0.0173272593949248,0.0173272593949248,0.06615683610387146
raw_for_high_all_phases,phase,phase=mid,5050,93,0.10234301480393747,-0.0013534196530483739,-1.3051747247971035,0.3325717484763332,-1.441648424955434,0.5168419198460856,0.5376237623762377,-0.020781842530152028,0.020781842530152028,0.048005228470039386
raw_for_high_all_phases,high_phase,phase=mid,2089,37,0.07171551981549738,-0.003271789970270139,-4.3631248802195595,0.24944799290592656,-4.50212863942645,0.30996328100604187,0.26807084729535663,0.04189243371068524,0.04189243371068524,0.0897679199763139
raw_for_high_all_phases,phase,phase=death,1516,79,0.06334574545894953,-0.0015879100513629257,-2.445434557601245,0.20629678582173824,-1.8494244253597796,0.43031519372601856,0.40369393139841686,0.026621262327601702,0.026621262327601702,0.03340509932235205
raw_for_high_all_phases,high_phase,phase=death,775,35,0.032319163893730934,-0.003106156952085423,-8.76818297738086,0.1191584895627178,-5.998510773052016,0.2846377173649181,0.20516129032258065,0.07947642704233746,0.07947642704233746,0.09139203223881966
raw_for_high_mid_death,overall,all,10047,93,0.1108302739229329,-0.0009198806495232942,-0.8231582793264639,0.37127940407846494,-0.8099402034473908,0.4881540585976458,0.5205533990245844,-0.032399340426938594,0.032399340426938594,0.06587690000927472
raw_for_high_mid_death,high_chase,all_high,4258,37,0.08321136851040431,-0.0021705121854768694,-2.5421227171230196,0.27312582396834045,-2.552262869673936,0.2944286361774699,0.2576326914044152,0.0367959447730547,0.0367959447730547,0.06210922174918297
raw_for_high_mid_death,phase,phase=pp,3481,93,0.14382286332319885,0.0,0.0,0.49928495135452433,0.0,0.47172487728215173,0.5466819879345016,-0.07495711065234989,0.07495711065234989,0.13332019772949555
raw_for_high_mid_death,high_phase,phase=pp,1394,37,0.1287323774785409,0.0,0.0,0.3942073686266907,0.0,0.2765922581522481,0.27116212338593976,0.0054301347663083255,0.0054301347663083255,0.08006191750154608
raw_for_high_mid_death,phase,phase=mid,5050,93,0.10234301480393747,-0.0013534196530483739,-1.3051747247971035,0.3325717484763332,-1.441648424955434,0.5168419198460856,0.5376237623762377,-0.020781842530152028,0.020781842530152028,0.048005228470039386
raw_for_high_mid_death,high_phase,phase=mid,2089,37,0.07171551981549738,-0.003271789970270139,-4.3631248802195595,0.24944799290592656,-4.50212863942645,0.30996328100604187,0.26807084729535663,0.04189243371068524,0.04189243371068524,0.0897679199763139
raw_for_high_mid_death,phase,phase=death,1516,79,0.06334574545894953,-0.0015879100513629257,-2.445434557601245,0.20629678582173824,-1.8494244253597796,0.43031519372601856,0.40369393139841686,0.026621262327601702,0.026621262327601702,0.03340509932235205
raw_for_high_mid_death,high_phase,phase=death,775,35,0.032319163893730934,-0.003106156952085423,-8.76818297738086,0.1191584895627178,-5.998510773052016,0.2846377173649181,0.20516129032258065,0.07947642704233746,0.07947642704233746,0.09139203223881966
raw_for_high_mid_only,overall,all,10047,93,0.11106987496183666,-0.000680279610619533,-0.6087504873905616,0.37186594592073924,-0.6532411790219134,0.4881953149499767,0.5205533990245844,-0.03235808407460772,0.03235808407460772,0.06379031101776697
raw_for_high_mid_only,high_chase,all_high,4258,37,0.08377672117312536,-0.0016051595227558196,-1.8799767698643026,0.2745098037450739,-2.0584769086201753,0.2945259829533902,0.2576326914044152,0.03689329154897503,0.03689329154897503,0.06324155426375086
raw_for_high_mid_only,phase,phase=pp,3481,93,0.14382286332319885,0.0,0.0,0.49928495135452433,0.0,0.47172487728215173,0.5466819879345016,-0.07495711065234989,0.07495711065234989,0.13332019772949555
raw_for_high_mid_only,high_phase,phase=pp,1394,37,0.1287323774785409,0.0,0.0,0.3942073686266907,0.0,0.2765922581522481,0.27116212338593976,0.0054301347663083255,0.0054301347663083255,0.08006191750154608
raw_for_high_mid_only,phase,phase=mid,5050,93,0.10234301480393747,-0.0013534196530483739,-1.3051747247971035,0.3325717484763332,-1.441648424955434,0.5168419198460856,0.5376237623762377,-0.020781842530152028,0.020781842530152028,0.048005228470039386
raw_for_high_mid_only,high_phase,phase=mid,2089,37,0.07171551981549738,-0.003271789970270139,-4.3631248802195595,0.24944799290592656,-4.50212863942645,0.30996328100604187,0.26807084729535663,0.04189243371068524,0.04189243371068524,0.0897679199763139
raw_for_high_mid_only,phase,phase=death,1516,79,0.06493365551031245,0.0,0.0,0.2101839796801359,0.0,0.4305886123090453,0.40369393139841686,0.026894680910628466,0.026894680910628466,0.04251871954290364
raw_for_high_mid_only,high_phase,phase=death,775,35,0.03542532084581636,0.0,0.0,0.1267623423231447,0.0,0.28517255939313557,0.20516129032258065,0.08001126907055492,0.08001126907055492,0.09544026389162666
raw_for_high_death_only,overall,all,10047,93,0.11151055353355242,-0.00023960103890377504,-0.21440779193591478,0.3737245583223903,-0.15669902442552205,0.4899217604552562,0.5205533990245844,-0.030631638569328212,0.030631638569328212,0.06573972799878655
raw_for_high_death_only,high_chase,all_high,4258,37,0.08481652803316014,-0.0005653526627210359,-0.6621459472587004,0.2788953083950006,-0.49378596105376027,0.2985996320824515,0.2576326914044152,0.0409669406780363,0.0409669406780363,0.0689640547546287
raw_for_high_death_only,phase,phase=pp,3481,93,0.14382286332319885,0.0,0.0,0.49928495135452433,0.0,0.47172487728215173,0.5466819879345016,-0.07495711065234989,0.07495711065234989,0.13332019772949555
raw_for_high_death_only,high_phase,phase=pp,1394,37,0.1287323774785409,0.0,0.0,0.3942073686266907,0.0,0.2765922581522481,0.27116212338593976,0.0054301347663083255,0.0054301347663083255,0.08006191750154608
raw_for_high_death_only,phase,phase=mid,5050,93,0.10369643445698584,0.0,0.0,0.33743639494934685,0.0,0.520358771442801,0.5376237623762377,-0.017264990933436697,0.017264990933436697,0.04824089968540228
raw_for_high_death_only,high_phase,phase=mid,2089,37,0.07498730978576752,0.0,0.0,0.2612079089847772,0.0,0.31846500458833576,0.26807084729535663,0.050394157292979136,0.050394157292979136,0.1012546808166063
raw_for_high_death_only,phase,phase=death,1516,79,0.06334574545894953,-0.0015879100513629257,-2.445434557601245,0.20629678582173824,-1.8494244253597796,0.43031519372601856,0.40369393139841686,0.026621262327601702,0.026621262327601702,0.03340509932235205
raw_for_high_death_only,high_phase,phase=death,775,35,0.032319163893730934,-0.003106156952085423,-8.76818297738086,0.1191584895627178,-5.998510773052016,0.2846377173649181,0.20516129032258065,0.07947642704233746,0.07947642704233746,0.09139203223881966
smooth_raw_mid_death_w5,overall,all,10047,93,0.11083001865659338,-0.0009201359158628186,-0.8233867052651134,0.37130675568865795,-0.8026330169437089,0.48806356541902085,0.5205533990245844,-0.03248983360556357,0.03248983360556357,0.06513909048435168
smooth_raw_mid_death_w5,high_chase,all_high,4258,37,0.08318892664115071,-0.002192954054730467,-2.5684068292445743,0.27323590749081883,-2.512986502448782,0.2945532986041851,0.2576326914044152,0.03692060719976992,0.03692060719976992,0.06263888621982001
smooth_raw_mid_death_w5,phase,phase=pp,3481,93,0.14382286332319885,0.0,0.0,0.49928495135452433,0.0,0.47172487728215173,0.5466819879345016,-0.07495711065234989,0.07495711065234989,0.13332019772949555
smooth_raw_mid_death_w5,high_phase,phase=pp,1394,37,0.1287323774785409,0.0,0.0,0.3942073686266907,0.0,0.2765922581522481,0.27116212338593976,0.0054301347663083255,0.0054301347663083255,0.08006191750154608
smooth_raw_mid_death_w5,phase,phase=mid,5050,93,0.10241864009138268,-0.0012777943656031576,-1.2322452283865146,0.3327592986589811,-1.386067525723734,0.5167356799477794,0.5376237623762377,-0.0208880824284583,0.0208880824284583,0.047488534267148164
smooth_raw_mid_death_w5,high_phase,phase=mid,2089,37,0.071724993683527,-0.003262316102240523,-4.350490918477656,0.24975033782571024,-4.386379877852276,0.310379990318776,0.26807084729535663,0.04230914302341937,0.04230914302341937,0.0899382689390555
smooth_raw_mid_death_w5,phase,phase=death,1516,79,0.06309213572114508,-0.0018415197891673701,-2.8360020311422462,0.20585329849010062,-2.0604240135836482,0.43006936689277436,0.40369393139841686,0.026375435494357502,0.026375435494357502,0.03328517441458755
smooth_raw_mid_death_w5,high_phase,phase=death,775,35,0.03217032726199457,-0.0032549935838217872,-9.188324921568618,0.11894834388695648,-6.164290035181466,0.2841994036341462,0.20516129032258065,0.07903811331156554,0.07903811331156554,0.09137575772737924
smooth_raw_mid_death_w10,overall,all,10047,93,0.11084484588021172,-0.0009053086922444775,-0.8101185145632138,0.3714102776073466,-0.7749763648585638,0.48813024490310025,0.5205533990245844,-0.032423154121484166,0.032423154121484166,0.06540972718447643
smooth_raw_mid_death_w10,high_chase,all_high,4258,37,0.0833412945740296,-0.0020405861218515814,-2.38995218332081,0.27382371011270284,-2.3032661817935307,0.2948139847167942,0.2576326914044152,0.037181293312379016,0.037181293312379016,0.06355129962658881
smooth_raw_mid_death_w10,phase,phase=pp,3481,93,0.14382286332319885,0.0,0.0,0.49928495135452433,0.0,0.47172487728215173,0.5466819879345016,-0.07495711065234989,0.07495711065234989,0.13332019772949555
smooth_raw_mid_death_w10,high_phase,phase=pp,1394,37,0.1287323774785409,0.0,0.0,0.3942073686266907,0.0,0.2765922581522481,0.27116212338593976,0.0054301347663083255,0.0054301347663083255,0.08006191750154608
smooth_raw_mid_death_w10,phase,phase=mid,5050,93,0.1024819617782814,-0.001214472678704448,-1.1711807499111473,0.3330143231558322,-1.3104904686343852,0.5169277469153025,0.5376237623762377,-0.020696015460935135,0.020696015460935135,0.04745837248093153
smooth_raw_mid_death_w10,high_phase,phase=mid,2089,37,0.07201428348318958,-0.0029730263025779385,-3.964705909668751,0.2508522134198992,-3.9645413514188386,0.31097233228132165,0.26807084729535663,0.04290148498596502,0.04290148498596502,0.0907122894863013
smooth_raw_mid_death_w10,phase,phase=death,1516,79,0.06297946724941358,-0.0019541882608988675,-3.0095152437375297,0.20568984928691247,-2.138188838208667,0.42987147150395805,0.40369393139841686,0.026177540105541186,0.026177540105541186,0.03282600932550414
smooth_raw_mid_death_w10,high_phase,phase=death,775,35,0.03222769018677287,-0.0031976306590434864,-9.026398583546262,0.11920775736788702,-5.9596444944188605,0.284035015386058,0.20516129032258065,0.07887372506347737,0.07887372506347737,0.09169572907802977
smooth_raw_mid_death_w15,overall,all,10047,93,0.1108878571310299,-0.0008622974414262963,-0.771629752750993,0.37156291581162393,-0.7341979310343444,0.48826442293018785,0.5205533990245844,-0.03228897609439657,0.03228897609439657,0.06522580959601695
smooth_raw_mid_death_w15,high_chase,all_high,4258,37,0.08348715070796386,-0.0018947299879173152,-2.2191242128597395,0.2743285398719298,-2.1231494979957537,0.29508948723377443,0.2576326914044152,0.037456795829359235,0.037456795829359235,0.0643743206655865
smooth_raw_mid_death_w15,phase,phase=pp,3481,93,0.14382286332319885,0.0,0.0,0.49928495135452433,0.0,0.47172487728215173,0.5466819879345016,-0.07495711065234989,0.07495711065234989,0.13332019772949555
smooth_raw_mid_death_w15,high_phase,phase=pp,1394,37,0.1287323774785409,0.0,0.0,0.3942073686266907,0.0,0.2765922581522481,0.27116212338593976,0.0054301347663083255,0.0054301347663083255,0.08006191750154608
smooth_raw_mid_death_w15,phase,phase=mid,5050,93,0.10255331941017734,-0.0011431150468085016,-1.1023667812635114,0.33327812551801256,-1.2323120723117311,0.5172108447793021,0.5376237623762377,-0.02041291759693553,0.02041291759693553,0.04693822664789892
smooth_raw_mid_death_w15,high_phase,phase=mid,2089,37,0.07225570675533025,-0.002731603030437277,-3.642753738254164,0.25171249147080443,-3.635195255334377,0.3115251216520846,0.26807084729535663,0.043454274356727995,0.043454274356727995,0.09160607417804814
smooth_raw_mid_death_w15,phase,phase=death,1516,79,0.06302681421240547,-0.0019068412979069832,-2.9365993380800006,0.20582266862026524,-2.074996898673172,0.4298176736312344,0.40369393139841686,0.02612374223281755,0.02612374223281755,0.03372145955801965
smooth_raw_mid_death_w15,high_phase,phase=death,775,35,0.03237829948069574,-0.0030470213651206182,-8.601252698267272,0.11966252416330304,-5.600889057211238,0.2840586447044811,0.20516129032258065,0.07889735438190046,0.07889735438190046,0.09208756768093736
