segment,situation,model,pred_bin,n,matches,mean_pred,actual_wr,bias,abs_error
overall,all,raw,"[0.0, 0.1)",2156,41,0.028914646719080055,0.04081632653061224,-0.011901679811532187,0.011901679811532187
overall,all,raw,"[0.1, 0.2)",1009,44,0.1496313731125479,0.11496531219028741,0.03466606092226049,0.03466606092226049
overall,all,raw,"[0.2, 0.3)",841,51,0.2484196309247402,0.17360285374554102,0.07481677717919918,0.07481677717919918
overall,all,raw,"[0.3, 0.4)",709,55,0.34789147605071785,0.44428772919605075,-0.0963962531453329,0.0963962531453329
overall,all,raw,"[0.4, 0.5)",503,44,0.4489442018078544,0.5546719681908548,-0.10572776638300047,0.10572776638300047
overall,all,raw,"[0.5, 0.6)",575,49,0.5503675414434979,0.6678260869565218,-0.11745854551302393,0.11745854551302393
overall,all,raw,"[0.6, 0.7)",612,49,0.6535297409789036,0.8251633986928104,-0.17163365771390682,0.17163365771390682
overall,all,raw,"[0.7, 0.8)",785,48,0.7514890827827851,0.9031847133757962,-0.15169563059301105,0.15169563059301105
overall,all,raw,"[0.8, 0.9)",802,49,0.8489352681378342,0.9027431421446384,-0.0538078740068042,0.0538078740068042
overall,all,raw,"[0.9, 1.0)",2055,54,0.9684327935946787,0.9557177615571776,0.012715032037501128,0.012715032037501128
overall,all,calibrated,"[0.0, 0.1)",1974,39,0.02606912005923964,0.034954407294832825,-0.008885287235593186,0.008885287235593186
overall,all,calibrated,"[0.1, 0.2)",863,44,0.15867796849026217,0.1100811123986095,0.048596856091652665,0.048596856091652665
overall,all,calibrated,"[0.2, 0.3)",1005,49,0.25685137650837186,0.14925373134328357,0.1075976451650883,0.1075976451650883
overall,all,calibrated,"[0.3, 0.4)",695,52,0.34913715453845107,0.36546762589928056,-0.01633047136082949,0.01633047136082949
overall,all,calibrated,"[0.4, 0.5)",666,51,0.444435987912264,0.5525525525525525,-0.10811656464028851,0.10811656464028851
overall,all,calibrated,"[0.5, 0.6)",673,53,0.5521960357008069,0.6924219910846954,-0.1402259553838885,0.1402259553838885
overall,all,calibrated,"[0.6, 0.7)",601,50,0.6486766608031674,0.8252911813643927,-0.17661452056122529,0.17661452056122529
overall,all,calibrated,"[0.7, 0.8)",960,49,0.7598507542980807,0.9052083333333333,-0.1453575790352526,0.1453575790352526
overall,all,calibrated,"[0.8, 0.9)",616,49,0.8466285239993739,0.8993506493506493,-0.052722125351275406,0.052722125351275406
overall,all,calibrated,"[0.9, 1.0)",1752,55,0.9606256065855988,0.9583333333333334,0.002292273252265442,0.002292273252265442
phase,phase=death,raw,"[0.0, 0.1)",614,38,0.019347653381804334,0.02280130293159609,-0.003453649549791757,0.003453649549791757
phase,phase=death,raw,"[0.1, 0.2)",105,17,0.1378725219245558,0.1523809523809524,-0.014508430456396604,0.014508430456396604
phase,phase=death,raw,"[0.2, 0.3)",74,18,0.25171143469507334,0.10810810810810811,0.14360332658696523,0.14360332658696523
phase,phase=death,raw,"[0.3, 0.4)",53,17,0.3481635013464171,0.11320754716981132,0.23495595417660578,0.23495595417660578
phase,phase=death,raw,"[0.4, 0.5)",47,13,0.44931741144770954,0.2553191489361702,0.19399826251153934,0.19399826251153934
phase,phase=death,raw,"[0.5, 0.6)",41,11,0.545658043573995,0.4146341463414634,0.13102389723253166,0.13102389723253166
phase,phase=death,raw,"[0.6, 0.7)",35,12,0.6526056863439942,0.6,0.05260568634399421,0.05260568634399421
phase,phase=death,raw,"[0.7, 0.8)",33,11,0.7499909629369587,0.7272727272727273,0.022718235664231368,0.022718235664231368
phase,phase=death,raw,"[0.8, 0.9)",46,15,0.8540647413662706,0.7391304347826086,0.114934306583662,0.114934306583662
phase,phase=death,raw,"[0.9, 1.0)",468,41,0.976852728878458,0.9829059829059829,-0.006053254027524879,0.006053254027524879
phase,phase=death,calibrated,"[0.0, 0.1)",623,38,0.013468363975832008,0.019261637239165328,-0.00579327326333332,0.00579327326333332
phase,phase=death,calibrated,"[0.1, 0.2)",64,19,0.15617463844655924,0.203125,-0.04695036155344076,0.04695036155344076
phase,phase=death,calibrated,"[0.2, 0.3)",51,19,0.26447796784198563,0.13725490196078433,0.1272230658812013,0.1272230658812013
phase,phase=death,calibrated,"[0.3, 0.4)",114,18,0.348966540278732,0.11403508771929824,0.23493145255943373,0.23493145255943373
phase,phase=death,calibrated,"[0.4, 0.5)",31,11,0.41890525940906415,0.1935483870967742,0.22535687231228996,0.22535687231228996
phase,phase=death,calibrated,"[0.5, 0.6)",62,15,0.5492554980629967,0.45161290322580644,0.09764259483719023,0.09764259483719023
phase,phase=death,calibrated,"[0.6, 0.7)",25,11,0.670542785642583,0.64,0.030542785642582948,0.030542785642582948
phase,phase=death,calibrated,"[0.7, 0.8)",30,10,0.7418934892767092,0.8,-0.05810651072329087,0.05810651072329087
phase,phase=death,calibrated,"[0.8, 0.9)",43,16,0.8497981867304485,0.7209302325581395,0.128867954172309,0.128867954172309
phase,phase=death,calibrated,"[0.9, 1.0)",399,42,0.963694701556168,0.9724310776942355,-0.008736376138067548,0.008736376138067548
phase,phase=mid,raw,"[0.0, 0.1)",968,29,0.028924808704189925,0.03615702479338843,-0.007232216089198502,0.007232216089198502
phase,phase=mid,raw,"[0.1, 0.2)",529,31,0.15345715136331345,0.11909262759924386,0.03436452376406959,0.03436452376406959
phase,phase=mid,raw,"[0.2, 0.3)",394,36,0.24745476435407743,0.14213197969543148,0.10532278465864595,0.10532278465864595
phase,phase=mid,raw,"[0.3, 0.4)",342,37,0.3439770653873466,0.391812865497076,-0.047835800109729376,0.047835800109729376
phase,phase=mid,raw,"[0.4, 0.5)",212,29,0.44698640924974653,0.5330188679245284,-0.08603245867478182,0.08603245867478182
phase,phase=mid,raw,"[0.5, 0.6)",258,28,0.5523003355185788,0.6627906976744186,-0.11049036215583974,0.11049036215583974
phase,phase=mid,raw,"[0.6, 0.7)",251,28,0.6542665222415063,0.7131474103585658,-0.05888088811705949,0.05888088811705949
phase,phase=mid,raw,"[0.7, 0.8)",358,34,0.750908395195896,0.8854748603351955,-0.13456646513929948,0.13456646513929948
phase,phase=mid,raw,"[0.8, 0.9)",496,37,0.8518424169417919,0.9112903225806451,-0.05944790563885327,0.05944790563885327
phase,phase=mid,raw,"[0.9, 1.0)",1242,41,0.9659495823684586,0.962157809983897,0.0037917723845616313,0.0037917723845616313
phase,phase=mid,calibrated,"[0.0, 0.1)",884,28,0.031288959683100526,0.02262443438914027,0.008664525293960255,0.008664525293960255
phase,phase=mid,calibrated,"[0.1, 0.2)",474,30,0.15606392638488403,0.13291139240506328,0.023152533979820755,0.023152533979820755
phase,phase=mid,calibrated,"[0.2, 0.3)",464,33,0.24694057787158902,0.11853448275862069,0.12840609511296833,0.12840609511296833
phase,phase=mid,calibrated,"[0.3, 0.4)",360,37,0.3469456745665366,0.3472222222222222,-0.0002765476556856328,0.0002765476556856328
phase,phase=mid,calibrated,"[0.4, 0.5)",260,32,0.44655040217016884,0.5115384615384615,-0.06498805936829266,0.06498805936829266
phase,phase=mid,calibrated,"[0.5, 0.6)",276,30,0.5553929293528574,0.6630434782608695,-0.10765054890801207,0.10765054890801207
phase,phase=mid,calibrated,"[0.6, 0.7)",299,31,0.6543117426840768,0.7558528428093646,-0.10154110012528783,0.10154110012528783
phase,phase=mid,calibrated,"[0.7, 0.8)",412,37,0.7546314043529567,0.9029126213592233,-0.14828121700626662,0.14828121700626662
phase,phase=mid,calibrated,"[0.8, 0.9)",448,38,0.854466374830282,0.9017857142857143,-0.04731933945543232,0.04731933945543232
phase,phase=mid,calibrated,"[0.9, 1.0)",1173,41,0.9616004643631053,0.9667519181585678,-0.005151453795462446,0.005151453795462446
phase,phase=pp,raw,"[0.0, 0.1)",574,26,0.03913119220253117,0.06794425087108014,-0.02881305866854897,0.02881305866854897
phase,phase=pp,raw,"[0.1, 0.2)",375,37,0.14752695359277243,0.09866666666666667,0.048860286926105764,0.048860286926105764
phase,phase=pp,raw,"[0.2, 0.3)",373,36,0.24878575411465023,0.21983914209115282,0.02894661202349741,0.02894661202349741
phase,phase=pp,raw,"[0.3, 0.4)",314,37,0.35210902734435123,0.5573248407643312,-0.20521581341997996,0.20521581341997996
phase,phase=pp,raw,"[0.4, 0.5)",244,32,0.4505733459441072,0.6311475409836066,-0.1805741950394994,0.1805741950394994
phase,phase=pp,raw,"[0.5, 0.6)",276,36,0.5492603984771163,0.7101449275362319,-0.16088452905911566,0.16088452905911566
phase,phase=pp,raw,"[0.6, 0.7)",326,35,0.6530616729277027,0.9355828220858896,-0.28252114915818693,0.28252114915818693
phase,phase=pp,raw,"[0.7, 0.8)",394,36,0.7521421896635432,0.934010152284264,-0.1818679626207208,0.1818679626207208
phase,phase=pp,raw,"[0.8, 0.9)",260,24,0.8424818005406377,0.9153846153846154,-0.07290281484397765,0.07290281484397765
phase,phase=pp,raw,"[0.9, 1.0)",345,13,0.9659505287545527,0.8956521739130435,0.07029835484150915,0.07029835484150915
phase,phase=pp,calibrated,"[0.0, 0.1)",467,22,0.032998312377162387,0.07922912205567452,-0.04623080967851213,0.04623080967851213
phase,phase=pp,calibrated,"[0.1, 0.2)",325,34,0.1629834118156352,0.05846153846153846,0.10452187335409674,0.10452187335409674
phase,phase=pp,calibrated,"[0.2, 0.3)",490,39,0.26544250795623503,0.17959183673469387,0.08585067122154116,0.08585067122154116
phase,phase=pp,calibrated,"[0.3, 0.4)",221,34,0.3527949953325561,0.5248868778280543,-0.17209188249549823,0.17209188249549823
phase,phase=pp,calibrated,"[0.4, 0.5)",375,43,0.44508053424971467,0.6106666666666667,-0.16558613241695203,0.16558613241695203
phase,phase=pp,calibrated,"[0.5, 0.6)",335,40,0.5501063959562645,0.7611940298507462,-0.2110876338944817,0.2110876338944817
phase,phase=pp,calibrated,"[0.6, 0.7)",277,35,0.6406205503216611,0.9169675090252708,-0.2763469587036097,0.2763469587036097
phase,phase=pp,calibrated,"[0.7, 0.8)",518,37,0.7650420479815405,0.9131274131274131,-0.14808536514587256,0.14808536514587256
phase,phase=pp,calibrated,"[0.8, 0.9)",125,20,0.8174473026419093,0.952,-0.1345526973580906,0.1345526973580906
phase,phase=pp,calibrated,"[0.9, 1.0)",180,12,0.9474696228840865,0.8722222222222222,0.0752474006618643,0.0752474006618643
chase_bucket,chase_bucket=high,raw,"[0.0, 0.1)",1610,27,0.025447861795304234,0.0006211180124223603,0.024826743782881876,0.024826743782881876
chase_bucket,chase_bucket=high,raw,"[0.1, 0.2)",583,28,0.14785042016486172,0.08747855917667238,0.060371860988189335,0.060371860988189335
chase_bucket,chase_bucket=high,raw,"[0.2, 0.3)",536,26,0.24907428632000245,0.13246268656716417,0.11661159975283827,0.11661159975283827
chase_bucket,chase_bucket=high,raw,"[0.3, 0.4)",372,28,0.3473532834843055,0.2849462365591398,0.06240704692516569,0.06240704692516569
chase_bucket,chase_bucket=high,raw,"[0.4, 0.5)",203,18,0.44741085899287303,0.4039408866995074,0.04346997229336563,0.04346997229336563
chase_bucket,chase_bucket=high,raw,"[0.5, 0.6)",185,18,0.5490339477574901,0.4918918918918919,0.05714205586559823,0.05714205586559823
chase_bucket,chase_bucket=high,raw,"[0.6, 0.7)",162,12,0.6518670211416412,0.654320987654321,-0.002453966512679817,0.002453966512679817
chase_bucket,chase_bucket=high,raw,"[0.7, 0.8)",165,11,0.7469469664789579,0.896969696969697,-0.1500227304907391,0.1500227304907391
chase_bucket,chase_bucket=high,raw,"[0.8, 0.9)",134,11,0.8556772493173805,0.9925373134328358,-0.13686006411545526,0.13686006411545526
chase_bucket,chase_bucket=high,raw,"[0.9, 1.0)",308,10,0.9615619837645423,1.0,-0.03843801623545773,0.03843801623545773
chase_bucket,chase_bucket=high,calibrated,"[0.0, 0.1)",1492,26,0.023581721946791073,0.0,0.023581721946791073,0.023581721946791073
chase_bucket,chase_bucket=high,calibrated,"[0.1, 0.2)",537,28,0.15945686031961095,0.07262569832402235,0.0868311619955886,0.0868311619955886
chase_bucket,chase_bucket=high,calibrated,"[0.2, 0.3)",589,27,0.2590147813338447,0.11884550084889643,0.14016928048494826,0.14016928048494826
chase_bucket,chase_bucket=high,calibrated,"[0.3, 0.4)",392,27,0.3479112646327982,0.1989795918367347,0.1489316727960635,0.1489316727960635
chase_bucket,chase_bucket=high,calibrated,"[0.4, 0.5)",292,22,0.4412926720924627,0.4143835616438356,0.026909110448627094,0.026909110448627094
chase_bucket,chase_bucket=high,calibrated,"[0.5, 0.6)",209,16,0.5525285582144205,0.5119617224880383,0.0405668357263822,0.0405668357263822
chase_bucket,chase_bucket=high,calibrated,"[0.6, 0.7)",157,13,0.6484282613922504,0.7133757961783439,-0.0649475347860935,0.0649475347860935
chase_bucket,chase_bucket=high,calibrated,"[0.7, 0.8)",173,11,0.752076154123212,0.8959537572254336,-0.14387760310222153,0.14387760310222153
chase_bucket,chase_bucket=high,calibrated,"[0.8, 0.9)",129,11,0.8559313627481527,0.9844961240310077,-0.128564761282855,0.128564761282855
chase_bucket,chase_bucket=high,calibrated,"[0.9, 1.0)",282,10,0.9554433825772657,1.0,-0.04455661742273431,0.04455661742273431
chase_bucket,chase_bucket=low,raw,"[0.0, 0.1)",77,1,0.05861917772011439,1.0,-0.9413808222798856,0.9413808222798856
chase_bucket,chase_bucket=low,raw,"[0.1, 0.2)",25,1,0.13340235002502293,1.0,-0.866597649974977,0.866597649974977
chase_bucket,chase_bucket=low,raw,"[0.2, 0.3)",16,5,0.26761823403106955,1.0,-0.7323817659689305,0.7323817659689305
chase_bucket,chase_bucket=low,raw,"[0.3, 0.4)",95,6,0.3485487653830927,1.0,-0.6514512346169072,0.6514512346169072
chase_bucket,chase_bucket=low,raw,"[0.4, 0.5)",83,6,0.4584937803938122,1.0,-0.5415062196061877,0.5415062196061877
chase_bucket,chase_bucket=low,raw,"[0.5, 0.6)",77,8,0.5462990655446133,0.961038961038961,-0.41473989549434775,0.41473989549434775
chase_bucket,chase_bucket=low,raw,"[0.6, 0.7)",106,13,0.6679055745068795,0.9716981132075472,-0.3037925387006677,0.3037925387006677
chase_bucket,chase_bucket=low,raw,"[0.7, 0.8)",191,13,0.7528024305312188,0.9633507853403142,-0.2105483548090954,0.2105483548090954
chase_bucket,chase_bucket=low,raw,"[0.8, 0.9)",308,15,0.8518842858352252,0.9772727272727273,-0.12538844143750205,0.12538844143750205
chase_bucket,chase_bucket=low,raw,"[0.9, 1.0)",975,21,0.9695966764229276,0.9323076923076923,0.03728898411523529,0.03728898411523529
chase_bucket,chase_bucket=low,calibrated,"[0.0, 0.1)",60,1,0.06175958093998311,1.0,-0.9382404190600169,0.9382404190600169
chase_bucket,chase_bucket=low,calibrated,"[0.1, 0.2)",36,1,0.1285923807855798,1.0,-0.8714076192144202,0.8714076192144202
chase_bucket,chase_bucket=low,calibrated,"[0.3, 0.4)",80,6,0.3509978666463181,1.0,-0.649002133353682,0.649002133353682
chase_bucket,chase_bucket=low,calibrated,"[0.4, 0.5)",105,7,0.4519384777327636,1.0,-0.5480615222672365,0.5480615222672365
chase_bucket,chase_bucket=low,calibrated,"[0.5, 0.6)",99,10,0.5499219451058728,0.9696969696969697,-0.41977502459109695,0.41977502459109695
chase_bucket,chase_bucket=low,calibrated,"[0.6, 0.7)",99,13,0.6604589915332859,0.9696969696969697,-0.3092379781636838,0.3092379781636838
chase_bucket,chase_bucket=low,calibrated,"[0.7, 0.8)",283,14,0.7600369212838313,0.9752650176678446,-0.2152280963840133,0.2152280963840133
chase_bucket,chase_bucket=low,calibrated,"[0.8, 0.9)",234,15,0.848505895084621,0.9572649572649573,-0.10875906218033626,0.10875906218033626
chase_bucket,chase_bucket=low,calibrated,"[0.9, 1.0)",748,21,0.9601894836625546,0.9318181818181818,0.028371301844372865,0.028371301844372865
chase_bucket,chase_bucket=par,raw,"[0.0, 0.1)",469,13,0.03593868689008096,0.021321961620469083,0.014616725269611875,0.014616725269611875
chase_bucket,chase_bucket=par,raw,"[0.1, 0.2)",401,15,0.15323242335117424,0.09975062344139651,0.05348179990977772,0.05348179990977772
chase_bucket,chase_bucket=par,raw,"[0.2, 0.3)",289,20,0.24614256192279604,0.2041522491349481,0.041990312787847955,0.041990312787847955
chase_bucket,chase_bucket=par,raw,"[0.3, 0.4)",242,21,0.3484607535223285,0.47107438016528924,-0.12261362664296072,0.12261362664296072
chase_bucket,chase_bucket=par,raw,"[0.4, 0.5)",217,20,0.4467260154889914,0.5253456221198156,-0.07861960663082423,0.07861960663082423
chase_bucket,chase_bucket=par,raw,"[0.5, 0.6)",313,23,0.5521566388113109,0.6996805111821086,-0.14752387237079767,0.14752387237079767
chase_bucket,chase_bucket=par,raw,"[0.6, 0.7)",344,24,0.6498830033616683,0.8604651162790697,-0.21058211291740148,0.21058211291740148
chase_bucket,chase_bucket=par,raw,"[0.7, 0.8)",429,24,0.7526513200093137,0.8787878787878788,-0.1261365587785651,0.1261365587785651
chase_bucket,chase_bucket=par,raw,"[0.8, 0.9)",360,23,0.8439027044465685,0.8055555555555556,0.03834714889101287,0.03834714889101287
chase_bucket,chase_bucket=par,raw,"[0.9, 1.0)",772,23,0.9697040677787967,0.9676165803108808,0.0020874874679158717,0.0020874874679158717
chase_bucket,chase_bucket=par,calibrated,"[0.0, 0.1)",422,12,0.029788954966653496,0.02132701421800948,0.008461940748644016,0.008461940748644016
chase_bucket,chase_bucket=par,calibrated,"[0.1, 0.2)",290,15,0.16097043830063554,0.06896551724137931,0.09200492105925623,0.09200492105925623
chase_bucket,chase_bucket=par,calibrated,"[0.2, 0.3)",407,20,0.25342297211010206,0.17444717444717445,0.07897579766292762,0.07897579766292762
chase_bucket,chase_bucket=par,calibrated,"[0.3, 0.4)",223,19,0.350624562046911,0.4304932735426009,-0.07986871149568991,0.07986871149568991
chase_bucket,chase_bucket=par,calibrated,"[0.4, 0.5)",269,22,0.4449195819205524,0.5278810408921933,-0.08296145897164092,0.08296145897164092
chase_bucket,chase_bucket=par,calibrated,"[0.5, 0.6)",365,27,0.5526224405324598,0.7205479452054795,-0.1679255046730197,0.1679255046730197
chase_bucket,chase_bucket=par,calibrated,"[0.6, 0.7)",345,24,0.6454086838907972,0.8347826086956521,-0.18937392480485493,0.18937392480485493
chase_bucket,chase_bucket=par,calibrated,"[0.7, 0.8)",504,24,0.7624148824196777,0.8690476190476191,-0.10663273662794137,0.10663273662794137
chase_bucket,chase_bucket=par,calibrated,"[0.8, 0.9)",253,23,0.8401487965980289,0.8023715415019763,0.037777255096052564,0.037777255096052564
chase_bucket,chase_bucket=par,calibrated,"[0.9, 1.0)",722,24,0.9631015167196527,0.9695290858725761,-0.006427569152923418,0.006427569152923418
phase_x_chase_bucket,phase=death|chase_bucket=high,raw,"[0.0, 0.1)",424,25,0.015762297280790875,0.0,0.015762297280790875,0.015762297280790875
phase_x_chase_bucket,phase=death|chase_bucket=high,raw,"[0.1, 0.2)",56,10,0.13535926990066446,0.0,0.13535926990066446,0.13535926990066446
phase_x_chase_bucket,phase=death|chase_bucket=high,raw,"[0.2, 0.3)",49,9,0.25151103607574027,0.0,0.25151103607574027,0.25151103607574027
phase_x_chase_bucket,phase=death|chase_bucket=high,raw,"[0.3, 0.4)",34,8,0.34882301373535524,0.0,0.34882301373535524,0.34882301373535524
phase_x_chase_bucket,phase=death|chase_bucket=high,raw,"[0.4, 0.5)",25,5,0.4570737496923056,0.0,0.4570737496923056,0.4570737496923056
phase_x_chase_bucket,phase=death|chase_bucket=high,raw,"[0.5, 0.6)",14,3,0.5453772458797924,0.0,0.5453772458797924,0.5453772458797924
phase_x_chase_bucket,phase=death|chase_bucket=high,raw,"[0.6, 0.7)",10,2,0.6394055104712303,0.0,0.6394055104712303,0.6394055104712303
phase_x_chase_bucket,phase=death|chase_bucket=high,raw,"[0.9, 1.0)",153,9,0.9698215881461644,1.0,-0.03017841185383563,0.03017841185383563
phase_x_chase_bucket,phase=death|chase_bucket=high,calibrated,"[0.0, 0.1)",434,25,0.011457087802921574,0.0,0.011457087802921574,0.011457087802921574
phase_x_chase_bucket,phase=death|chase_bucket=high,calibrated,"[0.1, 0.2)",31,12,0.15415961152606827,0.0,0.15415961152606827,0.15415961152606827
phase_x_chase_bucket,phase=death|chase_bucket=high,calibrated,"[0.2, 0.3)",24,10,0.2588300788110027,0.0,0.2588300788110027,0.2588300788110027
phase_x_chase_bucket,phase=death|chase_bucket=high,calibrated,"[0.3, 0.4)",76,8,0.3492334008587494,0.0,0.3492334008587494,0.3492334008587494
phase_x_chase_bucket,phase=death|chase_bucket=high,calibrated,"[0.4, 0.5)",18,5,0.42135537231344133,0.0,0.42135537231344133,0.42135537231344133
phase_x_chase_bucket,phase=death|chase_bucket=high,calibrated,"[0.5, 0.6)",23,4,0.5420058468820586,0.0,0.5420058468820586,0.5420058468820586
phase_x_chase_bucket,phase=death|chase_bucket=high,calibrated,"[0.8, 0.9)",13,5,0.8497377145494986,0.8461538461538461,0.003583868395652501,0.003583868395652501
phase_x_chase_bucket,phase=death|chase_bucket=high,calibrated,"[0.9, 1.0)",142,9,0.9578962331467232,1.0,-0.04210376685327677,0.04210376685327677
phase_x_chase_bucket,phase=death|chase_bucket=low,raw,"[0.8, 0.9)",12,3,0.837569958946616,1.0,-0.162430041053384,0.162430041053384
phase_x_chase_bucket,phase=death|chase_bucket=low,raw,"[0.9, 1.0)",113,11,0.9771758022425739,1.0,-0.022824197757426057,0.022824197757426057
phase_x_chase_bucket,phase=death|chase_bucket=low,calibrated,"[0.8, 0.9)",10,3,0.8480113674641789,1.0,-0.15198863253582107,0.15198863253582107
phase_x_chase_bucket,phase=death|chase_bucket=low,calibrated,"[0.9, 1.0)",82,11,0.9593688973217417,1.0,-0.04063110267825831,0.04063110267825831
phase_x_chase_bucket,phase=death|chase_bucket=par,raw,"[0.0, 0.1)",186,12,0.026447225495796166,0.053763440860215055,-0.02731621536441889,0.02731621536441889
phase_x_chase_bucket,phase=death|chase_bucket=par,raw,"[0.1, 0.2)",40,6,0.1369682532938122,0.175,-0.03803174670618778,0.03803174670618778
phase_x_chase_bucket,phase=death|chase_bucket=par,raw,"[0.2, 0.3)",20,7,0.2543221615288931,0.15,0.10432216152889309,0.10432216152889309
phase_x_chase_bucket,phase=death|chase_bucket=par,raw,"[0.3, 0.4)",16,7,0.34692312313296925,0.1875,0.15942312313296925,0.15942312313296925
phase_x_chase_bucket,phase=death|chase_bucket=par,raw,"[0.4, 0.5)",19,7,0.43552505233633687,0.47368421052631576,-0.03815915818997889,0.03815915818997889
phase_x_chase_bucket,phase=death|chase_bucket=par,raw,"[0.5, 0.6)",23,7,0.543308195476915,0.5652173913043478,-0.02190919582743278,0.02190919582743278
phase_x_chase_bucket,phase=death|chase_bucket=par,raw,"[0.6, 0.7)",22,8,0.6547094562714147,0.8181818181818182,-0.16347236191040349,0.16347236191040349
phase_x_chase_bucket,phase=death|chase_bucket=par,raw,"[0.7, 0.8)",23,7,0.7532284633477921,0.7391304347826086,0.014098028565183496,0.014098028565183496
phase_x_chase_bucket,phase=death|chase_bucket=par,raw,"[0.8, 0.9)",27,7,0.8583314560108222,0.5925925925925926,0.2657388634182296,0.2657388634182296
phase_x_chase_bucket,phase=death|chase_bucket=par,raw,"[0.9, 1.0)",202,21,0.9819975667096252,0.9603960396039604,0.021601527105664875,0.021601527105664875
phase_x_chase_bucket,phase=death|chase_bucket=par,calibrated,"[0.0, 0.1)",186,12,0.017350978695233724,0.04838709677419355,-0.031036118078959823,0.031036118078959823
phase_x_chase_bucket,phase=death|chase_bucket=par,calibrated,"[0.1, 0.2)",29,6,0.1598137817570764,0.3103448275862069,-0.15053104582913052,0.15053104582913052
phase_x_chase_bucket,phase=death|chase_bucket=par,calibrated,"[0.2, 0.3)",21,8,0.2672331637517901,0.047619047619047616,0.2196141161327425,0.2196141161327425
phase_x_chase_bucket,phase=death|chase_bucket=par,calibrated,"[0.3, 0.4)",31,8,0.3494343392201332,0.1935483870967742,0.15588595212335904,0.15588595212335904
phase_x_chase_bucket,phase=death|chase_bucket=par,calibrated,"[0.4, 0.5)",11,4,0.4145194989624572,0.36363636363636365,0.050883135326093565,0.050883135326093565
phase_x_chase_bucket,phase=death|chase_bucket=par,calibrated,"[0.5, 0.6)",33,9,0.5506422607216739,0.6666666666666666,-0.11602440594499275,0.11602440594499275
phase_x_chase_bucket,phase=death|chase_bucket=par,calibrated,"[0.6, 0.7)",16,7,0.6720524063601254,0.8125,-0.14044759363987458,0.14044759363987458
phase_x_chase_bucket,phase=death|chase_bucket=par,calibrated,"[0.7, 0.8)",20,6,0.7471632315714821,0.8,-0.05283676842851792,0.05283676842851792
phase_x_chase_bucket,phase=death|chase_bucket=par,calibrated,"[0.8, 0.9)",20,8,0.8507309032812007,0.5,0.3507309032812007,0.3507309032812007
phase_x_chase_bucket,phase=death|chase_bucket=par,calibrated,"[0.9, 1.0)",175,22,0.9704266927639625,0.9371428571428572,0.03328383562110537,0.03328383562110537
phase_x_chase_bucket,phase=mid|chase_bucket=high,raw,"[0.0, 0.1)",727,20,0.02403805136270505,0.0,0.02403805136270505,0.02403805136270505
phase_x_chase_bucket,phase=mid|chase_bucket=high,raw,"[0.1, 0.2)",323,17,0.14968372812600605,0.07430340557275542,0.07538032255325064,0.07538032255325064
phase_x_chase_bucket,phase=mid|chase_bucket=high,raw,"[0.2, 0.3)",243,19,0.2490623235804918,0.09465020576131687,0.1544121178191749,0.1544121178191749
phase_x_chase_bucket,phase=mid|chase_bucket=high,raw,"[0.3, 0.4)",173,17,0.3452143642609944,0.1329479768786127,0.21226638738238168,0.21226638738238168
phase_x_chase_bucket,phase=mid|chase_bucket=high,raw,"[0.4, 0.5)",75,10,0.44371968628918645,0.24,0.20371968628918646,0.20371968628918646
phase_x_chase_bucket,phase=mid|chase_bucket=high,raw,"[0.5, 0.6)",82,9,0.5565905823915659,0.5487804878048781,0.007810094586687799,0.007810094586687799
phase_x_chase_bucket,phase=mid|chase_bucket=high,raw,"[0.6, 0.7)",90,9,0.6503566447297242,0.5888888888888889,0.0614677558408353,0.0614677558408353
phase_x_chase_bucket,phase=mid|chase_bucket=high,raw,"[0.7, 0.8)",111,8,0.7441909945876248,0.9819819819819819,-0.2377909873943571,0.2377909873943571
phase_x_chase_bucket,phase=mid|chase_bucket=high,raw,"[0.8, 0.9)",118,9,0.8559138890383278,1.0,-0.14408611096167223,0.14408611096167223
phase_x_chase_bucket,phase=mid|chase_bucket=high,raw,"[0.9, 1.0)",147,7,0.9550409203387883,1.0,-0.04495907966121171,0.04495907966121171
phase_x_chase_bucket,phase=mid|chase_bucket=high,calibrated,"[0.0, 0.1)",689,20,0.0278637022392645,0.0,0.0278637022392645,0.0278637022392645
phase_x_chase_bucket,phase=mid|chase_bucket=high,calibrated,"[0.1, 0.2)",292,17,0.1581688492313277,0.07876712328767123,0.07940172594365648,0.07940172594365648
phase_x_chase_bucket,phase=mid|chase_bucket=high,calibrated,"[0.2, 0.3)",273,19,0.25068636424008167,0.08058608058608059,0.1701002836540011,0.1701002836540011
phase_x_chase_bucket,phase=mid|chase_bucket=high,calibrated,"[0.3, 0.4)",186,17,0.3454338338210288,0.10752688172043011,0.2379069521005987,0.2379069521005987
phase_x_chase_bucket,phase=mid|chase_bucket=high,calibrated,"[0.4, 0.5)",102,11,0.4441591821792712,0.22549019607843138,0.21866898610083982,0.21866898610083982
phase_x_chase_bucket,phase=mid|chase_bucket=high,calibrated,"[0.5, 0.6)",89,10,0.5620394323204689,0.5280898876404494,0.03394954468001954,0.03394954468001954
phase_x_chase_bucket,phase=mid|chase_bucket=high,calibrated,"[0.6, 0.7)",104,10,0.6521858030735228,0.7019230769230769,-0.049737273849554064,0.049737273849554064
phase_x_chase_bucket,phase=mid|chase_bucket=high,calibrated,"[0.7, 0.8)",110,8,0.7463589605456515,0.9818181818181818,-0.23545922127253027,0.23545922127253027
phase_x_chase_bucket,phase=mid|chase_bucket=high,calibrated,"[0.8, 0.9)",111,9,0.8569376992920131,1.0,-0.14306230070798687,0.14306230070798687
phase_x_chase_bucket,phase=mid|chase_bucket=high,calibrated,"[0.9, 1.0)",133,7,0.9536036795375182,1.0,-0.046396320462481766,0.046396320462481766
phase_x_chase_bucket,phase=mid|chase_bucket=low,raw,"[0.0, 0.1)",35,1,0.07339138313084542,1.0,-0.9266086168691545,0.9266086168691545
phase_x_chase_bucket,phase=mid|chase_bucket=low,raw,"[0.1, 0.2)",16,1,0.11983082467105713,1.0,-0.8801691753289429,0.8801691753289429
phase_x_chase_bucket,phase=mid|chase_bucket=low,raw,"[0.2, 0.3)",11,4,0.27870268866825626,1.0,-0.7212973113317438,0.7212973113317438
phase_x_chase_bucket,phase=mid|chase_bucket=low,raw,"[0.3, 0.4)",64,5,0.33964273207430484,1.0,-0.6603572679256952,0.6603572679256952
phase_x_chase_bucket,phase=mid|chase_bucket=low,raw,"[0.4, 0.5)",38,5,0.44720531629606913,1.0,-0.5527946837039308,0.5527946837039308
phase_x_chase_bucket,phase=mid|chase_bucket=low,raw,"[0.5, 0.6)",31,6,0.5510266189808436,0.9032258064516129,-0.3521991874707693,0.3521991874707693
phase_x_chase_bucket,phase=mid|chase_bucket=low,raw,"[0.6, 0.7)",26,6,0.654306017815611,0.8846153846153846,-0.23030936679977354,0.23030936679977354
phase_x_chase_bucket,phase=mid|chase_bucket=low,raw,"[0.7, 0.8)",75,9,0.7600758355357081,0.9066666666666666,-0.1465908311309585,0.1465908311309585
phase_x_chase_bucket,phase=mid|chase_bucket=low,raw,"[0.8, 0.9)",185,11,0.851920831120373,0.9621621621621622,-0.11024133104178924,0.11024133104178924
phase_x_chase_bucket,phase=mid|chase_bucket=low,raw,"[0.9, 1.0)",529,18,0.9692200380009137,0.943289224952741,0.025930813048172685,0.025930813048172685
phase_x_chase_bucket,phase=mid|chase_bucket=low,calibrated,"[0.0, 0.1)",20,1,0.08028857612407965,1.0,-0.9197114238759203,0.9197114238759203
phase_x_chase_bucket,phase=mid|chase_bucket=low,calibrated,"[0.1, 0.2)",31,1,0.12672701927289484,1.0,-0.8732729807271051,0.8732729807271051
phase_x_chase_bucket,phase=mid|chase_bucket=low,calibrated,"[0.3, 0.4)",63,5,0.3480971229368925,1.0,-0.6519028770631075,0.6519028770631075
phase_x_chase_bucket,phase=mid|chase_bucket=low,calibrated,"[0.4, 0.5)",46,5,0.4452558481517252,1.0,-0.5547441518482747,0.5547441518482747
phase_x_chase_bucket,phase=mid|chase_bucket=low,calibrated,"[0.5, 0.6)",31,6,0.5513204520248914,0.9032258064516129,-0.35190535442672144,0.35190535442672144
phase_x_chase_bucket,phase=mid|chase_bucket=low,calibrated,"[0.6, 0.7)",31,7,0.6582479584892946,0.9032258064516129,-0.24497784796231825,0.24497784796231825
phase_x_chase_bucket,phase=mid|chase_bucket=low,calibrated,"[0.7, 0.8)",124,10,0.7620360734695517,0.9435483870967742,-0.18151231362722253,0.18151231362722253
phase_x_chase_bucket,phase=mid|chase_bucket=low,calibrated,"[0.8, 0.9)",160,13,0.8589444897639261,0.94375,-0.08480551023607386,0.08480551023607386
phase_x_chase_bucket,phase=mid|chase_bucket=low,calibrated,"[0.9, 1.0)",501,18,0.9641426136554477,0.9441117764471058,0.02003083720834198,0.02003083720834198
phase_x_chase_bucket,phase=mid|chase_bucket=par,raw,"[0.0, 0.1)",206,8,0.03861579162810527,0.0,0.03861579162810527,0.03861579162810527
phase_x_chase_bucket,phase=mid|chase_bucket=par,raw,"[0.1, 0.2)",190,13,0.16270366153555757,0.12105263157894737,0.0416510299566102,0.0416510299566102
phase_x_chase_bucket,phase=mid|chase_bucket=par,raw,"[0.2, 0.3)",140,13,0.24220930678640137,0.15714285714285714,0.08506644964354423,0.08506644964354423
phase_x_chase_bucket,phase=mid|chase_bucket=par,raw,"[0.3, 0.4)",105,15,0.3445803475482382,0.44761904761904764,-0.10303870007080945,0.10303870007080945
phase_x_chase_bucket,phase=mid|chase_bucket=par,raw,"[0.4, 0.5)",99,14,0.4493771744445116,0.5757575757575758,-0.12638040131306422,0.12638040131306422
phase_x_chase_bucket,phase=mid|chase_bucket=par,raw,"[0.5, 0.6)",145,13,0.5501464387536468,0.6758620689655173,-0.1257156302118705,0.1257156302118705
phase_x_chase_bucket,phase=mid|chase_bucket=par,raw,"[0.6, 0.7)",135,13,0.6568655006943486,0.762962962962963,-0.10609746226861438,0.10609746226861438
phase_x_chase_bucket,phase=mid|chase_bucket=par,raw,"[0.7, 0.8)",172,17,0.7512460314867806,0.813953488372093,-0.06270745688531243,0.06270745688531243
phase_x_chase_bucket,phase=mid|chase_bucket=par,raw,"[0.8, 0.9)",193,17,0.8492779592711766,0.8082901554404145,0.04098780383076206,0.04098780383076206
phase_x_chase_bucket,phase=mid|chase_bucket=par,raw,"[0.9, 1.0)",566,16,0.9657260881790466,0.9699646643109541,-0.004238576131907479,0.004238576131907479
phase_x_chase_bucket,phase=mid|chase_bucket=par,calibrated,"[0.0, 0.1)",175,7,0.03917473139729162,0.0,0.03917473139729162,0.03917473139729162
phase_x_chase_bucket,phase=mid|chase_bucket=par,calibrated,"[0.1, 0.2)",151,12,0.15801628830084505,0.059602649006622516,0.09841363929422253,0.09841363929422253
phase_x_chase_bucket,phase=mid|chase_bucket=par,calibrated,"[0.2, 0.3)",188,12,0.24135548504306886,0.1595744680851064,0.08178101695796247,0.08178101695796247
phase_x_chase_bucket,phase=mid|chase_bucket=par,calibrated,"[0.3, 0.4)",111,15,0.3488255045785365,0.3783783783783784,-0.029552873799841894,0.029552873799841894
phase_x_chase_bucket,phase=mid|chase_bucket=par,calibrated,"[0.4, 0.5)",112,16,0.44925981220516853,0.5714285714285714,-0.12216875922340287,0.12216875922340287
phase_x_chase_bucket,phase=mid|chase_bucket=par,calibrated,"[0.5, 0.6)",156,14,0.5524102885390724,0.6923076923076923,-0.13989740376861992,0.13989740376861992
phase_x_chase_bucket,phase=mid|chase_bucket=par,calibrated,"[0.6, 0.7)",164,14,0.6549158587178319,0.7621951219512195,-0.10727926323338766,0.10727926323338766
phase_x_chase_bucket,phase=mid|chase_bucket=par,calibrated,"[0.7, 0.8)",178,19,0.7545852799054613,0.8258426966292135,-0.07125741672375219,0.07125741672375219
phase_x_chase_bucket,phase=mid|chase_bucket=par,calibrated,"[0.8, 0.9)",177,16,0.8488685476854505,0.8022598870056498,0.04660866067980074,0.04660866067980074
phase_x_chase_bucket,phase=mid|chase_bucket=par,calibrated,"[0.9, 1.0)",539,16,0.9612107715733825,0.9795918367346939,-0.018381065161311327,0.018381065161311327
phase_x_chase_bucket,phase=pp|chase_bucket=high,raw,"[0.0, 0.1)",459,21,0.036627843360997635,0.002178649237472767,0.034449194123524866,0.034449194123524866
phase_x_chase_bucket,phase=pp|chase_bucket=high,raw,"[0.1, 0.2)",204,25,0.14837662576949615,0.1323529411764706,0.016023684593025556,0.016023684593025556
phase_x_chase_bucket,phase=pp|chase_bucket=high,raw,"[0.2, 0.3)",244,23,0.24859685274487917,0.19672131147540983,0.05187554126946933,0.05187554126946933
phase_x_chase_bucket,phase=pp|chase_bucket=high,raw,"[0.3, 0.4)",165,21,0.3492930543758032,0.503030303030303,-0.15373724865449984,0.15373724865449984
phase_x_chase_bucket,phase=pp|chase_bucket=high,raw,"[0.4, 0.5)",103,14,0.4477532442869573,0.6213592233009708,-0.17360597901401353,0.17360597901401353
phase_x_chase_bucket,phase=pp|chase_bucket=high,raw,"[0.5, 0.6)",89,14,0.542646866704609,0.5168539325842697,0.02579293412033934,0.02579293412033934
phase_x_chase_bucket,phase=pp|chase_bucket=high,raw,"[0.6, 0.7)",62,6,0.6560694241057806,0.8548387096774194,-0.19876928557163875,0.19876928557163875
phase_x_chase_bucket,phase=pp|chase_bucket=high,raw,"[0.7, 0.8)",51,7,0.75282837386457,0.7647058823529411,-0.011877508488371102,0.011877508488371102
phase_x_chase_bucket,phase=pp|chase_bucket=high,calibrated,"[0.0, 0.1)",369,17,0.029846781017048997,0.0,0.029846781017048997,0.029846781017048997
phase_x_chase_bucket,phase=pp|chase_bucket=high,calibrated,"[0.1, 0.2)",214,23,0.1619816918634359,0.07476635514018691,0.08721533672324898,0.08721533672324898
phase_x_chase_bucket,phase=pp|chase_bucket=high,calibrated,"[0.2, 0.3)",292,24,0.2668164619062608,0.1643835616438356,0.10243290026242519,0.10243290026242519
phase_x_chase_bucket,phase=pp|chase_bucket=high,calibrated,"[0.3, 0.4)",130,20,0.350682955231389,0.4461538461538462,-0.0954708909224572,0.0954708909224572
phase_x_chase_bucket,phase=pp|chase_bucket=high,calibrated,"[0.4, 0.5)",172,20,0.4416792265527412,0.5697674418604651,-0.1280882153077239,0.1280882153077239
phase_x_chase_bucket,phase=pp|chase_bucket=high,calibrated,"[0.5, 0.6)",97,13,0.5462971619794309,0.6185567010309279,-0.07225953905149696,0.07225953905149696
phase_x_chase_bucket,phase=pp|chase_bucket=high,calibrated,"[0.6, 0.7)",47,8,0.6385090877527474,0.8297872340425532,-0.19127814628980577,0.19127814628980577
phase_x_chase_bucket,phase=pp|chase_bucket=high,calibrated,"[0.7, 0.8)",61,7,0.7637759699112179,0.7704918032786885,-0.006715833367470614,0.006715833367470614
phase_x_chase_bucket,phase=pp|chase_bucket=low,raw,"[0.0, 0.1)",38,1,0.04389255493986243,1.0,-0.9561074450601376,0.9561074450601376
phase_x_chase_bucket,phase=pp|chase_bucket=low,raw,"[0.3, 0.4)",28,2,0.36903874015742016,1.0,-0.6309612598425798,0.6309612598425798
phase_x_chase_bucket,phase=pp|chase_bucket=low,raw,"[0.4, 0.5)",42,4,0.467740075049797,1.0,-0.532259924950203,0.532259924950203
phase_x_chase_bucket,phase=pp|chase_bucket=low,raw,"[0.5, 0.6)",42,4,0.541490309768605,1.0,-0.458509690231395,0.458509690231395
phase_x_chase_bucket,phase=pp|chase_bucket=low,raw,"[0.6, 0.7)",77,8,0.6719805007164543,1.0,-0.3280194992835457,0.3280194992835457
phase_x_chase_bucket,phase=pp|chase_bucket=low,raw,"[0.7, 0.8)",109,11,0.7486323986153468,1.0,-0.2513676013846532,0.2513676013846532
phase_x_chase_bucket,phase=pp|chase_bucket=low,raw,"[0.8, 0.9)",111,9,0.8533708718254146,1.0,-0.1466291281745854,0.1466291281745854
phase_x_chase_bucket,phase=pp|chase_bucket=low,raw,"[0.9, 1.0)",333,11,0.9676231043737543,0.8918918918918919,0.07573121248186243,0.07573121248186243
phase_x_chase_bucket,phase=pp|chase_bucket=low,calibrated,"[0.0, 0.1)",37,1,0.051585695155553724,1.0,-0.9484143048444462,0.9484143048444462
phase_x_chase_bucket,phase=pp|chase_bucket=low,calibrated,"[0.3, 0.4)",10,2,0.3741727975994865,1.0,-0.6258272024005135,0.6258272024005135
phase_x_chase_bucket,phase=pp|chase_bucket=low,calibrated,"[0.4, 0.5)",57,5,0.4584178823773475,1.0,-0.5415821176226525,0.5415821176226525
phase_x_chase_bucket,phase=pp|chase_bucket=low,calibrated,"[0.5, 0.6)",62,6,0.5473359154017187,1.0,-0.45266408459828134,0.45266408459828134
phase_x_chase_bucket,phase=pp|chase_bucket=low,calibrated,"[0.6, 0.7)",65,7,0.6605385954443448,1.0,-0.3394614045556552,0.3394614045556552
phase_x_chase_bucket,phase=pp|chase_bucket=low,calibrated,"[0.7, 0.8)",151,12,0.7596277510260786,1.0,-0.2403722489739214,0.2403722489739214
phase_x_chase_bucket,phase=pp|chase_bucket=low,calibrated,"[0.8, 0.9)",64,9,0.8224866783270526,0.984375,-0.16188832167294742,0.16188832167294742
phase_x_chase_bucket,phase=pp|chase_bucket=low,calibrated,"[0.9, 1.0)",165,9,0.9485941500474465,0.8606060606060606,0.08798808944138592,0.08798808944138592
phase_x_chase_bucket,phase=pp|chase_bucket=par,raw,"[0.0, 0.1)",77,4,0.051703988751171416,0.0,0.051703988751171416,0.051703988751171416
phase_x_chase_bucket,phase=pp|chase_bucket=par,raw,"[0.1, 0.2)",171,12,0.14651330959247047,0.05847953216374269,0.08803377742872778,0.08803377742872778
phase_x_chase_bucket,phase=pp|chase_bucket=par,raw,"[0.2, 0.3)",129,13,0.2491430559303412,0.26356589147286824,-0.014422835542527046,0.014422835542527046
phase_x_chase_bucket,phase=pp|chase_bucket=par,raw,"[0.3, 0.4)",121,14,0.352031370989347,0.5289256198347108,-0.17689424884536376,0.17689424884536376
phase_x_chase_bucket,phase=pp|chase_bucket=par,raw,"[0.4, 0.5)",99,14,0.4462245363304452,0.48484848484848486,-0.038623948518039686,0.038623948518039686
phase_x_chase_bucket,phase=pp|chase_bucket=par,raw,"[0.5, 0.6)",145,18,0.5555703850530518,0.7448275862068966,-0.1892572011538448,0.1892572011538448
phase_x_chase_bucket,phase=pp|chase_bucket=par,raw,"[0.6, 0.7)",187,21,0.6442743450519022,0.9358288770053476,-0.2915545319534454,0.2915545319534454
phase_x_chase_bucket,phase=pp|chase_bucket=par,raw,"[0.7, 0.8)",234,18,0.7536275393644023,0.9401709401709402,-0.18654340080653786,0.18654340080653786
phase_x_chase_bucket,phase=pp|chase_bucket=par,raw,"[0.8, 0.9)",140,13,0.8337098439223956,0.8428571428571429,-0.009147298934747305,0.009147298934747305
phase_x_chase_bucket,phase=pp|chase_bucket=par,calibrated,"[0.0, 0.1)",61,4,0.040788179739151956,0.0,0.040788179739151956,0.040788179739151956
phase_x_chase_bucket,phase=pp|chase_bucket=par,calibrated,"[0.1, 0.2)",110,10,0.1653306172981954,0.01818181818181818,0.1471487991163772,0.1471487991163772
phase_x_chase_bucket,phase=pp|chase_bucket=par,calibrated,"[0.2, 0.3)",198,15,0.26341627283801505,0.20202020202020202,0.06139607081781304,0.06139607081781304
phase_x_chase_bucket,phase=pp|chase_bucket=par,calibrated,"[0.3, 0.4)",81,12,0.3535454544743145,0.5925925925925926,-0.23904713811827805,0.23904713811827805
phase_x_chase_bucket,phase=pp|chase_bucket=par,calibrated,"[0.4, 0.5)",146,18,0.44388050740453905,0.5068493150684932,-0.06296880766395413,0.06296880766395413
phase_x_chase_bucket,phase=pp|chase_bucket=par,calibrated,"[0.5, 0.6)",176,21,0.5531817680593026,0.7556818181818182,-0.2025000501225156,0.2025000501225156
phase_x_chase_bucket,phase=pp|chase_bucket=par,calibrated,"[0.6, 0.7)",165,20,0.6333754946111431,0.9090909090909091,-0.275715414479766,0.275715414479766
phase_x_chase_bucket,phase=pp|chase_bucket=par,calibrated,"[0.7, 0.8)",306,18,0.7679661970095288,0.8986928104575164,-0.13072661344798753,0.13072661344798753
phase_x_chase_bucket,phase=pp|chase_bucket=par,calibrated,"[0.8, 0.9)",56,10,0.8088088309527244,0.9107142857142857,-0.10190545476156132,0.10190545476156132
