segment,situation,n,matches,actual_wr,raw_mean,cal_mean,raw_bias,cal_bias,raw_abs_error,cal_abs_error,raw_brier,cal_brier,brier_delta_cal_minus_raw,brier_delta_pct,raw_logloss,cal_logloss,logloss_delta_pct,raw_ece,cal_ece
overall,all,10047,93,0.5205533990245844,0.48492374610442,0.4899630154639025,-0.0356296529201644,-0.030590383560681944,0.0356296529201644,0.030590383560681944,0.10987947204856607,0.11175015481133287,0.0018706827627667927,1.7024861221939271,0.35501283257529614,0.3743111001646648,5.43593521658843,0.060319282842595426,0.062458758784326676
phase,phase=death,1516,79,0.40369393139841686,0.42939989436596576,0.4305885987866179,0.0257059629675489,0.026894667388201066,0.0257059629675489,0.026894667388201066,0.06377339959316633,0.06493365551031012,0.0011602559171437904,1.819341488058476,0.2077752367352594,0.2101839796801359,1.1593022261578,0.03425061851685685,0.04251873306533106
phase,phase=mid,5050,93,0.5376237623762377,0.5181860018627863,0.520358771442801,-0.019437760513451363,-0.017264990933436697,0.019437760513451363,0.017264990933436697,0.10268284351827603,0.10369643445698584,0.001013590938709813,0.9871083658969854,0.33494836132554806,0.33743639494934685,0.7428111049573352,0.0449369254751642,0.04824089968540228
phase,phase=pp,3481,93,0.5466819879345016,0.46085013727240254,0.47172487929306817,-0.08583185066209909,-0.07495710864143346,0.08583185066209909,0.07495710864143346,0.1403993743526025,0.14382286401265515,0.003423489660052653,2.4383938146724327,0.4482440233551649,0.49928495135452433,11.386861918941262,0.11649696201077753,0.12987292010812237
chase_bucket,chase_bucket=high,4258,37,0.2576326914044152,0.286978235176822,0.29869697167189935,0.029345543772406835,0.041064280267484154,0.029345543772406835,0.041064280267484154,0.08231959772517164,0.08538188069588043,0.0030622829707087906,3.719992632777902,0.26956384917621395,0.28027928817173403,3.9751023841907642,0.05533401286494695,0.07123685359618322
chase_bucket,chase_bucket=low,1953,21,0.9559651817716334,0.7924644886786394,0.787501957129947,-0.16350069309299398,-0.1684632246416864,0.16350069309299398,0.1684632246416864,0.1430618278047429,0.14149603356788285,-0.0015657942368600686,-1.0944877895710474,0.4794797886531097,0.5418358357606845,13.004937555915975,0.20073239766273737,0.19634006414971608
chase_bucket,chase_bucket=par,3836,35,0.5907194994786236,0.5480689273563132,0.5507860763065939,-0.04265057212231038,-0.039933423172029636,0.04265057212231038,0.039933423172029636,0.12357728333042224,0.1258748706538913,0.002297587323469061,1.8592311317653325,0.38649296972162617,0.39339651383694646,1.7862017309894693,0.07177109362228574,0.07744810580561927
phase_x_chase_bucket,phase=death|chase_bucket=high,775,35,0.20516129032258065,0.2846377173649181,0.28517253190926467,0.07947642704233746,0.08001124158668402,0.07947642704233746,0.08001124158668402,0.032319163893730934,0.03542532084581345,0.003106156952082516,9.610882763848444,0.1191584895627178,0.1267623423231447,6.38129334160845,0.09139203223881966,0.09544023485936862
phase_x_chase_bucket,phase=death|chase_bucket=low,163,12,1.0,0.8300828015542965,0.8355279714296986,-0.16991719844570352,-0.1644720285703014,0.16991719844570352,0.1644720285703014,0.10338707216361644,0.09087131996525133,-0.012515752198365107,-12.105722636731752,0.30928408906960625,0.27630881367813254,-10.661807883706693,0.1699171984457035,0.16447202857030152
phase_x_chase_bucket,phase=death|chase_bucket=par,578,32,0.5017301038062284,0.5105060765530143,0.5113711837159027,0.008775972746785876,0.009641079909674333,0.008775972746785876,0.009641079909674333,0.09477686678707478,0.09718472827645112,0.0024078614893763423,2.540558230085651,0.29796907086713004,0.3033905904240714,1.8194907079328793,0.04831719557619368,0.06940170466650628
phase_x_chase_bucket,phase=mid|chase_bucket=high,2089,37,0.26807084729535663,0.30996328100604187,0.31846500458833576,0.04189243371068524,0.050394157292979136,0.04189243371068524,0.050394157292979136,0.07171551981549738,0.07498730978576752,0.003271789970270139,4.562178422031211,0.24944799290592656,0.2612079089847772,4.71437590732013,0.0897679199763139,0.1012546808166063
phase_x_chase_bucket,phase=mid|chase_bucket=low,1010,21,0.9504950495049505,0.7997078031962535,0.7932377010163314,-0.150787246308697,-0.15725734848861905,0.150787246308697,0.15725734848861905,0.14287165695430223,0.1400104483896455,-0.002861208564656742,-2.002642529421987,0.4643049266467787,0.44517545239103823,-4.120023966554476,0.1779504148284661,0.17712952560026138
phase_x_chase_bucket,phase=mid|chase_bucket=par,1951,35,0.6125064069707842,0.5953978135096017,0.5952682333032377,-0.01710859346118243,-0.01723817366754643,0.01710859346118243,0.01723817366754643,0.11503550248532789,0.1156370840552374,0.0006015815699095123,0.5229529640088637,0.3595306978986627,0.36328204290622934,1.0434004744217933,0.05369341955711162,0.06371751929171392
phase_x_chase_bucket,phase=pp|chase_bucket=high,1394,37,0.27116212338593976,0.25383486399101496,0.276592251480799,-0.0173272593949248,0.005430128094859266,0.0173272593949248,0.005430128094859266,0.12600844634258634,0.12873237747854024,0.0027239311359539,2.1617051991484706,0.38332724763323683,0.3942073686266907,2.838337493781252,0.06615683610387146,0.080061910830097
phase_x_chase_bucket,phase=pp|chase_bucket=low,780,21,0.9538461538461539,0.7752240621895082,0.7700386985964752,-0.17862209165664567,-0.18380745524967868,0.17862209165664567,0.18380745524967868,0.15159908130275407,0.15399894298743239,0.002399861684678317,1.5830318126305951,0.5346958266768344,0.7224869790976057,35.121118036006436,0.2432848961603897,0.23641780078257263
phase_x_chase_bucket,phase=pp|chase_bucket=par,1307,35,0.5975516449885233,0.494031185106306,0.501816772264488,-0.10352045988221731,-0.09573487272403536,0.10352045988221731,0.09573487272403536,0.14906439518262873,0.15384489662798023,0.004780501445351498,3.2070042208902985,0.4658886895873496,0.47815302226729905,2.632459845894162,0.1326482075090768,0.14291294294410692
target_band,target_band=-20:0,1588,15,0.9584382871536524,0.735264743860754,0.7292404762681156,-0.2231735432928984,-0.2291978108855368,0.2231735432928984,0.2291978108855368,0.1030875360901745,0.10548870044556016,0.0024011643553856626,2.3292479832724635,0.3397235218347403,0.3483155795219447,2.5291324076712085,0.22317354329289832,0.22919781088553667
target_band,target_band=-40:-20,1067,10,1.0,0.6734654505921204,0.6698838758507314,-0.3265345494078796,-0.3301161241492686,0.3265345494078796,0.3301161241492686,0.18506220213682284,0.18100170587064426,-0.004060496266178576,-2.194125120793987,0.5810895568735168,0.5637929263807915,-2.9765860164116185,0.3265345494078796,0.33011612414926855
target_band,target_band=0:20,2248,20,0.3309608540925267,0.4158327366939233,0.42472487206331255,0.08487188260139661,0.09376401797078587,0.08487188260139661,0.09376401797078587,0.1380513574485332,0.14027577736689392,0.002224419918360726,1.6112988379632633,0.4195311740118285,0.42524194252565767,1.3612262610234933,0.09893069750738784,0.09376401797078586
target_band,target_band=20:40,2135,19,0.3035128805620609,0.3328999690034707,0.34173925639684954,0.029387088441409803,0.03822637583478866,0.029387088441409803,0.03822637583478866,0.08792449004115835,0.09020909658777253,0.002284606546614179,2.5983733832800526,0.2803892332341138,0.29005066207356417,3.4457203395479397,0.05997606963872072,0.07011123226448646
target_band,target_band=40+,2123,18,0.21149317004239285,0.24079693431959395,0.255411395653167,0.029303764277201105,0.04391822561077416,0.029303764277201105,0.04391822561077416,0.07668302443518972,0.08052737955165545,0.0038443551164657336,5.013306588754688,0.25867727594794443,0.27045268276409984,4.552161287845424,0.06336509638511645,0.0806594039103921
target_band,target_band=<=-40,886,11,0.9029345372460497,0.9357737140040524,0.9291481114470156,0.03283917675800274,0.026213574200965928,0.03283917675800274,0.026213574200965928,0.09248124156057898,0.09391978938385753,0.0014385478232785548,1.5555022824128582,0.3571122686856443,0.515393154393129,44.3224441126146,0.07196645984661497,0.05892068130421624
phase_x_target_band,phase=death|target_band=-20:0,202,13,1.0,0.8183799152326305,0.81581774540908,-0.18162008476736946,-0.18418225459091997,0.18162008476736946,0.18418225459091997,0.11426150007455364,0.11404617598395897,-0.0002153240905946735,-0.1884485066747577,0.3489405542244744,0.3546456113411454,1.6349653393973065,0.18162008476736957,0.18418225459092008
phase_x_target_band,phase=death|target_band=-40:-20,138,10,1.0,0.8092054387263675,0.817734244247284,-0.19079456127363248,-0.18226575575271597,0.19079456127363248,0.18226575575271597,0.12055374405934259,0.10557785057485783,-0.014975893484484762,-12.422586790098263,0.3544860660078768,0.3133478986634582,-11.60501675219711,0.19079456127363253,0.18226575575271606
phase_x_target_band,phase=death|target_band=0:20,376,19,0.23404255319148937,0.3451057696027949,0.3478121266360576,0.11106321641130551,0.11376957344456823,0.11106321641130551,0.11376957344456823,0.08430905847837605,0.08812618456124745,0.0038171260828713943,4.527539687624939,0.27058545480813134,0.27585464833564327,1.9473306616751611,0.11740983424156938,0.11376957344456827
phase_x_target_band,phase=death|target_band=20:40,361,17,0.24930747922437674,0.3499666547601495,0.3456015622054967,0.10065917553577275,0.09629408298111997,0.10065917553577275,0.09629408298111997,0.050256925754172434,0.05001013281558943,-0.0002467929385830056,-0.4910625448722684,0.1584302897332419,0.15848324714631537,0.03342631839064619,0.11300112409005869,0.11249479091707516
phase_x_target_band,phase=death|target_band=40+,414,18,0.16666666666666666,0.2276721463512019,0.23247958520168058,0.061005479684535235,0.06581291853501392,0.061005479684535235,0.06581291853501392,0.016677782174843538,0.022707646640284157,0.0060298644654406194,36.15507387148848,0.08491423868938641,0.09910232628168429,16.708726135080187,0.0740279076019658,0.08401823526970255
phase_x_target_band,phase=death|target_band=<=-40,25,2,1.0,0.945325844364465,0.9337493454766271,-0.054674155635535016,-0.06625065452337286,0.054674155635535016,0.06625065452337286,0.008627043299208034,0.00969127100022348,0.0010642277010154463,12.335949456903071,0.0597691763703524,0.07185306455913537,20.21759194723821,0.054674155635534835,0.0662506545233727
phase_x_target_band,phase=mid|target_band=-20:0,824,15,0.9672330097087378,0.7828165488602583,0.7743744121820215,-0.1844164608484795,-0.1928585975267163,0.1844164608484795,0.1928585975267163,0.08406505796591925,0.08562886438298052,0.0015638064170612753,1.8602335558910301,0.27972124653767877,0.2872738077815421,2.70003131236797,0.1848742311382248,0.1928585975267162
phase_x_target_band,phase=mid|target_band=-40:-20,556,10,1.0,0.6782873851268937,0.6747342069770881,-0.3217126148731063,-0.3252657930229119,0.3217126148731063,0.3252657930229119,0.18464900913202542,0.17979162731919207,-0.00485738181283335,-2.6306026962539972,0.5597144444258175,0.540732991048297,-3.3912745269585916,0.3217126148731062,0.32526579302291186
phase_x_target_band,phase=mid|target_band=0:20,1127,20,0.3531499556344277,0.4583676112656435,0.46431571209993866,0.10521765563121582,0.11116575646551097,0.10521765563121582,0.11116575646551097,0.1376793767390925,0.1375774327774554,-0.00010194396163709651,-0.07404446769851675,0.4178829498254158,0.4188550559876334,0.23262642388825142,0.11233854913946292,0.11116575646551102
phase_x_target_band,phase=mid|target_band=20:40,1060,19,0.3141509433962264,0.36155198507233205,0.36811834986759856,0.04740104167610565,0.05396740647137216,0.04740104167610565,0.05396740647137216,0.07497665244374077,0.07773331384095847,0.0027566613972176968,3.6766930869395322,0.25122886911697007,0.26281343614903374,4.611160760617044,0.092706574438822,0.10111043810518447
phase_x_target_band,phase=mid|target_band=40+,1029,18,0.2206025267249757,0.2568203982944116,0.2673157859333128,0.0362178715694359,0.04671325920833708,0.0362178715694359,0.04671325920833708,0.06835614120914364,0.07215857868906936,0.003802437479925716,5.562685974756404,0.24761346541933166,0.25955401316931365,4.822252994101413,0.11292566536960104,0.1268355301300218
phase_x_target_band,phase=mid|target_band=<=-40,454,11,0.8898678414096917,0.9484076984530022,0.9383653280776072,0.05853985704331055,0.048497486667915535,0.05853985704331055,0.048497486667915535,0.09170820362651788,0.09129164776227132,-0.0004165558642465622,-0.45421875881790036,0.34745979033588525,0.328149039409902,-5.557693713944801,0.05853985704331068,0.048497486667915715
phase_x_target_band,phase=pp|target_band=-20:0,562,15,0.9306049822064056,0.6356705233327995,0.6319469325678785,-0.29493445887360614,-0.29865804963852716,0.29493445887360614,0.29865804963852716,0.1269618799505691,0.1315312179843664,0.004569338033797304,3.5989842270580072,0.4243855045786058,0.43553934017428136,2.628231990805337,0.2949344588736061,0.30337763848313537
phase_x_target_band,phase=pp|target_band=-40:-20,373,10,1.0,0.6160576383565703,0.6079532191617809,-0.38394236164342965,-0.3920467808382191,0.38394236164342965,0.3920467808382191,0.2095445145372507,0.2107102734455127,0.0011657589082620101,0.5563299573059324,0.6967888712445061,0.6908243952007886,-0.8559947338229598,0.3839423616434296,0.3920467808382191
phase_x_target_band,phase=pp|target_band=0:20,745,20,0.34630872483221475,0.38718379170591755,0.4036514701295812,0.04087506687370279,0.05734274529736644,0.04087506687370279,0.05734274529736644,0.16573770197513552,0.17067749716182049,0.00493979518668497,2.980489730348773,0.49719713250669717,0.5102991824502198,2.63518212131807,0.10173557370234652,0.08971111932748498
phase_x_target_band,phase=pp|target_band=20:40,714,19,0.31512605042016806,0.2817344079514341,0.3006242263185364,-0.03339164246873394,-0.014501824101631644,0.03339164246873394,0.014501824101631644,0.12619157486029636,0.12905525293704564,0.002863678076749282,2.269310039057354,0.38534324523409574,0.397007659648829,3.0270193026601873,0.08718815917956728,0.095730549168149
phase_x_target_band,phase=pp|target_band=40+,680,18,0.225,0.2245403428325748,0.2513586779011748,-0.0004596571674252148,0.02635867790117477,0.0004596571674252148,0.02635867790117477,0.12581616139899077,0.1283933582471096,0.002577196848118829,2.048382989484133,0.38121045015233496,0.3912670630534455,2.6380737718737333,0.08829131620515783,0.09100258917760538
phase_x_target_band,phase=pp|target_band=<=-40,407,11,0.9115479115479116,0.9210940280118323,0.9185838677098438,0.009546116463920673,0.0070359561619322,0.009546116463920673,0.0070359561619322,0.09849429851045127,0.10202516839071504,0.0035308698802637706,3.584846974557729,0.3861437244071994,0.751504531415819,94.61782852214279,0.12011580136864383,0.09784304823558862
high_phase,phase=death,775,35,0.20516129032258065,0.2846377173649181,0.28517253190926467,0.07947642704233746,0.08001124158668402,0.07947642704233746,0.08001124158668402,0.032319163893730934,0.03542532084581345,0.003106156952082516,9.610882763848444,0.1191584895627178,0.1267623423231447,6.38129334160845,0.09139203223881966,0.09544023485936862
high_phase,phase=mid,2089,37,0.26807084729535663,0.30996328100604187,0.31846500458833576,0.04189243371068524,0.050394157292979136,0.04189243371068524,0.050394157292979136,0.07171551981549738,0.07498730978576752,0.003271789970270139,4.562178422031211,0.24944799290592656,0.2612079089847772,4.71437590732013,0.0897679199763139,0.1012546808166063
high_phase,phase=pp,1394,37,0.27116212338593976,0.25383486399101496,0.276592251480799,-0.0173272593949248,0.005430128094859266,0.0173272593949248,0.005430128094859266,0.12600844634258634,0.12873237747854024,0.0027239311359539,2.1617051991484706,0.38332724763323683,0.3942073686266907,2.838337493781252,0.06615683610387146,0.080061910830097
high_phase_over,phase=death|over=16,222,35,0.2702702702702703,0.3611991495756578,0.36842982108676126,0.09092887930538751,0.09815955081649097,0.09092887930538751,0.09815955081649097,0.040853233163980915,0.049187695976562834,0.00833446281258192,20.400987062953362,0.15300886791289955,0.17883617810325864,16.879616549454703,0.11496123036468466,0.13322465639602635
high_phase_over,phase=death|over=17,217,34,0.2488479262672811,0.3376770370666016,0.3430860626594784,0.08882911079932052,0.09423813639219727,0.08882911079932052,0.09423813639219727,0.03738194189210379,0.0400070620877267,0.0026251201956229084,7.022428645359952,0.13104141174127212,0.14070993982497554,7.378223383912359,0.10264896152258685,0.11186039291530273
high_phase_over,phase=death|over=18,194,33,0.19072164948453607,0.26406254880925073,0.2615899578966823,0.07334089932471466,0.07086830841214625,0.07334089932471466,0.07086830841214625,0.029480870791344333,0.030400323083366872,0.0009194522920225393,3.118809815795852,0.10481831043717353,0.10469944400057817,-0.11340235890046418,0.08118777881294299,0.07974703403348406
high_phase_over,phase=death|over=19,142,25,0.056338028169014086,0.11199977633498802,0.09872651069968957,0.05566174816597393,0.04238848253067549,0.05566174816597393,0.04238848253067549,0.015118055853030898,0.013772957728863482,-0.0013450981241674154,-8.897295639357937,0.06766987437869632,0.05417911748860478,-19.93613408323197,0.05671672356245466,0.04332744966682572
high_phase_over,phase=mid|over=7,231,37,0.2727272727272727,0.3097278882244838,0.3140349953484381,0.03700061549721112,0.04130772262116539,0.03700061549721112,0.04130772262116539,0.08137283841648572,0.08563235166170016,0.0042595132452144385,5.2345639258805585,0.2765374456608005,0.29363733463015496,6.183570882595436,0.09894972364101966,0.11102340036105758
high_phase_over,phase=mid|over=8,228,37,0.2675438596491228,0.29300597386030597,0.30042886391727364,0.025462114211183162,0.03288500426815083,0.025462114211183162,0.03288500426815083,0.07939261770583185,0.08326278850496796,0.0038701707991361106,4.874723760181325,0.2756429238067896,0.29002398517738465,5.217279359826901,0.08843652265026943,0.10076621780713622
high_phase_over,phase=mid|over=9,229,37,0.2663755458515284,0.29845698959848704,0.31223119136855887,0.03208144374695865,0.045855645517030474,0.03208144374695865,0.045855645517030474,0.07989811259853564,0.08569096490886322,0.00579285231032757,7.250299314872352,0.2737484752195308,0.2951869936201197,7.8314658678542175,0.09843153684874627,0.1231797591617101
high_phase_over,phase=mid|over=10,229,37,0.27074235807860264,0.3105490735676466,0.32292908837252615,0.039806715489043965,0.05218673029392351,0.039806715489043965,0.05218673029392351,0.08557737095598991,0.0894632144808663,0.0038858435248763923,4.540737208291635,0.2825106718505181,0.2978812724566173,5.440715037565756,0.09546633533148648,0.10722742242006258
high_phase_over,phase=mid|over=11,231,37,0.2683982683982684,0.30434178313759974,0.31928733459389513,0.03594351473933133,0.05088906619562672,0.03594351473933133,0.05088906619562672,0.08751062249855976,0.09120894446572633,0.0036983219671665735,4.226140623359685,0.28969832204215484,0.3021084580823465,4.283813572929777,0.09178098625032026,0.11354968388820484
high_phase_over,phase=mid|over=12,240,37,0.25416666666666665,0.29983856084055277,0.310561662491424,0.04567189417388612,0.05639499582475732,0.04567189417388612,0.05639499582475732,0.07200167726983041,0.07537627598779971,0.0033745987179693016,4.6868334821184785,0.253173540875774,0.2637767232255659,4.188108407029242,0.10814696754391928,0.1194235073380291
high_phase_over,phase=mid|over=13,232,37,0.2801724137931034,0.32477313299075583,0.33023107703813903,0.044600719197652405,0.050058663245035606,0.044600719197652405,0.050058663245035606,0.06786121147991608,0.06964210045778485,0.0017808889778687664,2.624310617260098,0.23871125264292095,0.24443487804359051,2.397719142813647,0.12312278241185674,0.12889548024135086
high_phase_over,phase=mid|over=14,238,37,0.2647058823529412,0.32535183287451597,0.33009217383315476,0.06064595052157479,0.06538629148021358,0.06064595052157479,0.06538629148021358,0.05243639319840556,0.054241504252105714,0.0018051110537001536,3.4424775305770683,0.19844010244215554,0.20419384135426955,2.899483945686429,0.11377238946533719,0.11871742019850634
high_phase_over,phase=mid|over=15,231,37,0.2683982683982684,0.3231735573682384,0.32604374498453126,0.05477528896996997,0.057645476586262845,0.05477528896996997,0.057645476586262845,0.04026915005611317,0.04132976762931992,0.0010606175732067458,2.6338216022161505,0.1588530680932129,0.1623138644070569,2.1786147131972577,0.11266432663528399,0.11531266907261849
high_phase_over,phase=pp|over=1,234,37,0.2606837606837607,0.2553245568477309,0.2833774074802042,-0.00535920383602978,0.02269364679644348,0.00535920383602978,0.02269364679644348,0.1521236754699528,0.1564589270070459,0.004335251537093077,2.849820400210727,0.45957369189962993,0.47435882670448737,3.217141247520862,0.08716911711902396,0.0930519758570319
high_phase_over,phase=pp|over=2,228,37,0.2719298245614035,0.23829847638882284,0.26149271341890595,-0.03363134817258068,-0.010437111142497568,0.03363134817258068,0.010437111142497568,0.14809513338627125,0.1526797265606837,0.004584593174412455,3.0957081907982915,0.4373570700884426,0.44979958946232773,2.844933859505003,0.07913315092931927,0.06213507643357399
high_phase_over,phase=pp|over=3,237,37,0.2742616033755274,0.2651511449367886,0.2829343745197515,-0.009110458438738811,0.0086727711442241,0.009110458438738811,0.0086727711442241,0.12728369247350843,0.13033428567891003,0.0030505932054016027,2.3966881743602175,0.3882219095111534,0.3997324812187651,2.964946445734028,0.0937984614997721,0.11984276113073887
high_phase_over,phase=pp|over=4,234,37,0.27350427350427353,0.27026834464419003,0.2920216562234459,-0.0032359288600835034,0.01851738271917236,0.0032359288600835034,0.01851738271917236,0.11820317233218104,0.12077374888733738,0.0025705765551563425,2.1747102928273083,0.36168749557361796,0.3757742743518755,3.8947375705971314,0.12553235771241816,0.1155809650587678
high_phase_over,phase=pp|over=5,233,37,0.27467811158798283,0.26187391945235733,0.27936869815512205,-0.012804192135625503,0.004690586567139221,0.012804192135625503,0.004690586567139221,0.11278912206971892,0.11711956609757514,0.00433044402785622,3.8394163802245225,0.34792879378091357,0.36129574227101796,3.841863257377138,0.12102760424650398,0.1013938012739255
high_phase_over,phase=pp|over=6,228,37,0.2719298245614035,0.23099808883901593,0.25946283143309057,-0.04093173572238759,-0.012466993128312953,0.04093173572238759,0.012466993128312953,0.09731360019881648,0.09469923589178451,-0.0026143643070319633,-2.6865353883636907,0.30434057827513583,0.30316277992549456,-0.38700010242357236,0.11568955182376556,0.11055043346864919
high_rrr_band,phase=death|rrr_band=12:14,30,7,0.0,0.4187072317104663,0.42949082837009844,0.4187072317104663,0.42949082837009844,0.4187072317104663,0.42949082837009844,0.1963861180234394,0.19752183346725694,0.0011357154438175476,0.5783073952722034,0.5782119808997955,0.5887745950010469,1.826771919325185,0.4187072317104663,0.42949082837009833
high_rrr_band,phase=death|rrr_band=14+,533,26,0.0,0.07587425031232874,0.08171477195763786,0.07587425031232874,0.08171477195763786,0.07587425031232874,0.08171477195763786,0.02257301886065367,0.02735693140285146,0.004783912542197791,21.193056062769173,0.0917766850737173,0.10123576700973368,10.306628451897778,0.07587425031232875,0.08171477195763788
high_rrr_band,phase=death|rrr_band=8:10,35,5,0.7714285714285715,0.7900747944499272,0.775386932993948,0.018646223021355768,0.003958361565376545,0.018646223021355768,0.003958361565376545,0.03746795220359748,0.039414616010998084,0.001946663807400606,5.1955436390614835,0.17191779691429845,0.18776054880449441,9.215306486328242,0.1468408641834252,0.162439287318399
high_rrr_band,phase=death|rrr_band=<=8,164,28,0.7987804878048781,0.8107242166377715,0.7954225635606849,0.011943728832893408,-0.0033579242441932333,0.011943728832893408,0.0033579242441932333,0.012649065939468379,0.012376345513392879,-0.00027272042607550014,-2.156051896484636,0.05950108300661817,0.06278073376183498,5.511917749214783,0.04909646108384508,0.05283310714064441
high_rrr_band,phase=mid|rrr_band=10:12,609,21,0.37438423645320196,0.428447641286354,0.43869412214976566,0.05406340483315203,0.0643098856965637,0.05406340483315203,0.0643098856965637,0.166585365707495,0.17115386516924963,0.004568499461754638,2.742437453825569,0.5143973057273813,0.5247485204486944,2.0122995602933753,0.1254565837357092,0.14779277109761885
high_rrr_band,phase=mid|rrr_band=12:14,510,23,0.025490196078431372,0.15787823503146417,0.1785512811638543,0.1323880389530328,0.15306108508542293,0.1323880389530328,0.15306108508542293,0.05239796373436448,0.05824800277165882,0.0058500390372943425,11.164630493947374,0.21940569428470644,0.24072805630154342,9.718235475314758,0.1323880389530328,0.15306108508542293
high_rrr_band,phase=mid|rrr_band=14+,626,22,0.0,0.03575120487822664,0.042445070299119474,0.03575120487822664,0.042445070299119474,0.03575120487822664,0.042445070299119474,0.004466184399944343,0.005458012730596596,0.0009918283306522531,22.207509628680203,0.038316945981515124,0.04558816073527793,18.976498693999748,0.035751204878226646,0.04244507029911948
high_rrr_band,phase=mid|rrr_band=8:10,200,12,0.875,0.7327908851437291,0.7216757600647441,-0.14220911485627086,-0.1533242399352559,0.14220911485627086,0.1533242399352559,0.09168281936610954,0.09329657520818746,0.0016137558420779158,1.7601507602354984,0.3240330171313829,0.3329191313989742,2.7423484021038393,0.18169896587763365,0.16955156350941208
high_rrr_band,phase=mid|rrr_band=<=8,144,7,1.0,0.9523079814560381,0.9454288526532141,-0.04769201854396188,-0.05457114734678592,0.04769201854396188,0.05457114734678592,0.0035269192124766347,0.004397734929572043,0.0008708157170954083,24.690549021221088,0.04957626594861167,0.05693159237554598,14.836386497035662,0.04769201854396184,0.05457114734678594
high_rrr_band,phase=pp|rrr_band=10:12,819,32,0.23076923076923078,0.25478912091041434,0.2842055404040344,0.024019890141183553,0.053436309634803614,0.024019890141183553,0.053436309634803614,0.14610070465662398,0.15155899831107522,0.005458293654451246,3.735980375508597,0.44252876944356556,0.4612836759378015,4.238121403455489,0.07166824469997696,0.10044955074902925
high_rrr_band,phase=pp|rrr_band=12:14,256,18,0.0546875,0.0695508051037208,0.09279606650589851,0.014863305103720803,0.038108566505898514,0.014863305103720803,0.038108566505898514,0.04601942334032564,0.04631284108999416,0.0002934177496685189,0.6375954507265729,0.16414280378009202,0.1690962589105664,3.0177717307124214,0.04722349345768635,0.04345396124274062
high_rrr_band,phase=pp|rrr_band=14+,93,4,0.0,0.010802485872359541,0.011958747192063073,0.010802485872359541,0.011958747192063073,0.010802485872359541,0.011958747192063073,0.00017380644118825377,0.0005282247589061768,0.00035441831771792305,203.9155253941621,0.010890607994965638,0.012232568031786576,12.322177397637317,0.010802485872359541,0.011958747192063073
high_rrr_band,phase=pp|rrr_band=8:10,217,12,0.7649769585253456,0.5441686927763509,0.5512153196923111,-0.2208082657489947,-0.21376163883303456,0.2208082657489947,0.21376163883303456,0.2034250247496196,0.1998201273347363,-0.00360489741488329,-1.7721012541698271,0.5905151122975489,0.5834043093465721,-1.2041695128360892,0.26151191945853053,0.2390341187840313
high_score_vs_par_band,phase=death|score_vs_par_band=-20:0,160,14,0.2375,0.4463421695495837,0.43173751501066027,0.20884216954958373,0.19423751501066028,0.20884216954958373,0.19423751501066028,0.10695083444175209,0.10310659439685907,-0.0038442400448930186,-3.5943993003501826,0.3354805714962299,0.32498841921390903,-3.127499227608409,0.23362043969986768,0.21933550816068884
high_score_vs_par_band,phase=death|score_vs_par_band=-40:-20,190,15,0.0,0.1519136178764764,0.17530010874576638,0.1519136178764764,0.17530010874576638,0.1519136178764764,0.17530010874576638,0.04094540201698579,0.05602223881167578,0.01507683679468999,36.82180672798259,0.17897015028511873,0.21321974197358917,19.137041363549816,0.1519136178764764,0.17530010874576635
high_score_vs_par_band,phase=death|score_vs_par_band=0:20,121,9,1.0,0.9782228479205444,0.9671826823044379,-0.02177715207945563,-0.032817317695562065,0.02177715207945563,0.032817317695562065,0.0008321182352284986,0.0019969019601373743,0.0011647837249088755,139.97815161315717,0.022206785303554553,0.03386842197752325,52.51384437036039,0.02177715207945563,0.03281731769556216
high_score_vs_par_band,phase=death|score_vs_par_band=<=-40,304,16,0.0,0.006417538930795236,0.005245344103427074,0.006417538930795236,0.005245344103427074,0.006417538930795236,0.005245344103427074,0.00018061124102365477,0.00023591460727945995,5.530336625580518e-05,30.62011309061437,0.006511803933575165,0.005371178262991604,-17.516277858159114,0.006417538930795235,0.005245344103427075
high_score_vs_par_band,phase=mid|score_vs_par_band=-20:0,390,17,0.5820512820512821,0.6155937593358725,0.6154910819035753,0.033542477284590366,0.03343979985229317,0.033542477284590366,0.03343979985229317,0.15002365114245805,0.1537640454946791,0.003740394352221038,2.4932031207994463,0.46541357086203666,0.4754413513947686,2.15459564579489,0.16413259568083366,0.1527896944645241
high_score_vs_par_band,phase=mid|score_vs_par_band=-40:-20,489,20,0.15950920245398773,0.26483362793181847,0.28396452484770024,0.10532442547783075,0.12445532239371251,0.10532442547783075,0.12445532239371251,0.11607123020787714,0.12092878403817042,0.004857553830293279,4.184976605825294,0.3945503563357172,0.40881261451792833,3.6148131545661455,0.13497903156862437,0.15466674705965439
high_score_vs_par_band,phase=mid|score_vs_par_band=0:20,182,7,0.9505494505494505,0.8431169140400663,0.8272856126511465,-0.10743253650938422,-0.12326383789830397,0.10743253650938422,0.12326383789830397,0.048698195114182476,0.053413551090388034,0.004715355976205558,9.682814661096742,0.20790870969286768,0.22329400088521065,7.400022449790983,0.1429088167739405,0.13568587200024054
high_score_vs_par_band,phase=mid|score_vs_par_band=20:40,54,4,1.0,0.9511038798263448,0.9381468267302289,-0.04889612017365519,-0.06185317326977113,0.04889612017365519,0.06185317326977113,0.005214800228398696,0.007663050724155858,0.002448250495757162,46.948116678075394,0.051781672572997185,0.0661480401914115,27.744116604503056,0.04889612017365526,0.06185317326977115
high_score_vs_par_band,phase=mid|score_vs_par_band=<=-40,965,21,0.019689119170984457,0.06656202558159015,0.07908490706000806,0.046872906410605694,0.05939578788902361,0.046872906410605694,0.05939578788902361,0.026320847187469267,0.02840211222494212,0.0020812650374728535,7.9072874161273,0.10974403291823613,0.12015447018643353,9.486107801372318,0.04687290641060568,0.059395787889023624
high_score_vs_par_band,phase=pp|score_vs_par_band=-20:0,480,32,0.3458333333333333,0.28782483778954066,0.3188290517916744,-0.05800849554379267,-0.027004281541658903,0.05800849554379267,0.027004281541658903,0.17867016352769247,0.18168470170148904,0.0030145381737965715,1.6872084931681064,0.5309470651820954,0.5380269360800687,1.3334419497252712,0.08268313181028748,0.08070916582645968
high_score_vs_par_band,phase=pp|score_vs_par_band=-40:-20,252,26,0.051587301587301584,0.14576730883237315,0.18412645426282578,0.09418000724507157,0.13253915267552419,0.09418000724507157,0.13253915267552419,0.04227306357882075,0.053905045210703495,0.011631981631882747,27.516296778903182,0.1912302665968086,0.2332750972878947,21.986493790616173,0.12256806282683268,0.16067942647696024
high_score_vs_par_band,phase=pp|score_vs_par_band=0:20,286,22,0.5909090909090909,0.482423206197741,0.4916499403128272,-0.10848588471134996,-0.09925915059626372,0.10848588471134996,0.09925915059626372,0.2602493983198094,0.25475125385655734,-0.005498144463252086,-2.112644447498645,0.7144341662809248,0.702724052753626,-1.6390752402362307,0.18391615093286506,0.12878018102770408
high_score_vs_par_band,phase=pp|score_vs_par_band=20:40,37,4,0.8108108108108109,0.7431260868008928,0.7490679655176283,-0.0676847240099181,-0.061742845293182524,0.0676847240099181,0.061742845293182524,0.10023799039062058,0.09641558251197387,-0.003822407878646711,-3.813332513701691,0.34862514188421206,0.3361954535359461,-3.5653447944366,0.27499869058161497,0.18609391156532262
high_score_vs_par_band,phase=pp|score_vs_par_band=<=-40,339,16,0.0,0.03978706269778878,0.0525203232341509,0.03978706269778878,0.0525203232341509,0.03978706269778878,0.0525203232341509,0.003248230449827945,0.006589884481872193,0.0033416540320442482,102.87613775128708,0.0415523980084666,0.05624928366447597,35.36952464937108,0.039787062697788776,0.05252032323415089
high_wickets_remaining_band,phase=death|wickets_remaining_band=0:3,296,18,0.0,0.05007830208181566,0.05112079159326113,0.05007830208181566,0.05112079159326113,0.05007830208181566,0.05112079159326113,0.014859990268533612,0.01670174885413249,0.0018417585855988773,12.39407666032491,0.06104612649581692,0.06316142893806516,3.4650887184352066,0.05007830208181567,0.05112079159326113
high_wickets_remaining_band,phase=death|wickets_remaining_band=4:6,369,21,0.22493224932249323,0.34392931364493734,0.34537054114571075,0.11899706432244411,0.12043829182321752,0.11899706432244411,0.12043829182321752,0.049371018329182705,0.05263409843317134,0.0032630801039886387,6.609302814521582,0.16772782884178655,0.17407583666079857,3.784707560365507,0.12950531120963887,0.1296456947689045
high_wickets_remaining_band,phase=death|wickets_remaining_band=7:10,110,9,0.6909090909090909,0.7169194255146567,0.7130475294118871,0.026010334605565788,0.022138438502796176,0.026010334605565788,0.022138438502796176,0.02209899213351914,0.028081124298563506,0.005982132165044365,27.069705844054454,0.11260551932477506,0.13919135097213803,23.60970564034658,0.08027565719228054,0.10067271681529377
high_wickets_remaining_band,phase=mid|wickets_remaining_band=0:3,116,11,0.0,0.015962956839118688,0.017876950257085814,0.015962956839118688,0.017876950257085814,0.015962956839118688,0.017876950257085814,0.00161837927438266,0.0017985855641938194,0.00018020628981115948,11.134985022586884,0.01686212633923866,0.018879841667261286,11.965960208276604,0.01596295683911869,0.017876950257085814
high_wickets_remaining_band,phase=mid|wickets_remaining_band=4:6,698,24,0.1017191977077364,0.14635583506624295,0.1561684367228929,0.04463663735850655,0.05444923901515651,0.04463663735850655,0.05444923901515651,0.03827970415187971,0.04019360751019681,0.0019139033583170997,4.999786181009757,0.14554886860056707,0.15434695770804016,6.044766401872819,0.06026350837178375,0.07100479990962646
high_wickets_remaining_band,phase=mid|wickets_remaining_band=7:10,1275,33,0.3835294117647059,0.42627860247219307,0.4346620388412801,0.04274919070748717,0.05113262707657418,0.04274919070748717,0.05113262707657418,0.09639745521626165,0.10069389503914078,0.004296439822879125,4.457005439863875,0.3274884237191632,0.34175614412202754,4.356709846666086,0.11825842334058505,0.13035919481216812
high_wickets_remaining_band,phase=pp|wickets_remaining_band=4:6,62,4,0.0,0.026764520786228735,0.0320729073712021,0.026764520786228735,0.0320729073712021,0.026764520786228735,0.0320729073712021,0.0008944463527214304,0.0014593784141444144,0.000564932061422984,63.15997149567767,0.027224272233965032,0.032830677647291515,20.59340784262334,0.026764520786228735,0.0320729073712021
high_wickets_remaining_band,phase=pp|wickets_remaining_band=7:10,1332,37,0.28378378378378377,0.2644042042903369,0.2879737825129274,-0.019379579493446875,0.004189998729143607,0.019379579493446875,0.004189998729143607,0.13183207096673918,0.13465649605360974,0.002824425086870558,2.1424415668803016,0.39990261135302274,0.41102820559420034,2.782075916817716,0.06799041234238036,0.08229563321331886
high_resource_prob_band,phase=death|resource_prob_band=20:40,36,7,0.0,0.40698149944157913,0.4076818887562854,0.40698149944157913,0.4076818887562854,0.40698149944157913,0.4076818887562854,0.19681631555634616,0.1963560591178865,-0.0004602564384596497,-0.23385075427239355,0.5693827265198435,0.5712130615360969,0.3214595264314916,0.406981499441579,0.40768188875628525
high_resource_prob_band,phase=death|resource_prob_band=60:80,23,5,0.6086956521739131,0.6998227927924442,0.7147021248498722,0.09112714061853111,0.10600647267595908,0.09112714061853111,0.10600647267595908,0.07244032107477773,0.09078729081093452,0.018346969736156793,25.327013276511884,0.2589631041369158,0.3088658290836008,19.270206507990036,0.19948508569434262,0.23489366092844155
high_resource_prob_band,phase=death|resource_prob_band=80+,150,11,0.96,0.9498115396317504,0.9359036370616366,-0.010188460368249608,-0.02409636293836337,0.010188460368249608,0.02409636293836337,0.009082213055604343,0.009511241748665107,0.00042902869306076473,4.723834272925638,0.0508700543371839,0.062112162902342165,22.099659046247083,0.04421539433675993,0.05579851386010995
high_resource_prob_band,phase=death|resource_prob_band=<=20,553,26,0.0,0.07284592431282567,0.07764033294181115,0.07284592431282567,0.07764033294181115,0.07284592431282567,0.07764033294181115,0.01999008340387367,0.02452706336865722,0.004536979964783552,22.69615325318942,0.08641220584537623,0.09448682775268527,9.344307124571682,0.07284592431282566,0.07764033294181115
high_resource_prob_band,phase=mid|resource_prob_band=20:40,497,21,0.1710261569416499,0.295096899553851,0.3135869170323915,0.12407074261220108,0.1425607600907416,0.12407074261220108,0.1425607600907416,0.16282847014992693,0.16645465191705425,0.003626181767127312,2.226994925266108,0.5090537690818903,0.516344482070285,1.4322088217800717,0.1565696297905376,0.185958198704133
high_resource_prob_band,phase=mid|resource_prob_band=40:60,289,15,0.5813148788927336,0.5880085091489343,0.5833570618035524,0.006693630256200733,0.0020421829108188128,0.006693630256200733,0.0020421829108188128,0.1585245198102674,0.1652050514251379,0.006680531614870477,4.214194512537352,0.49354204534987456,0.5105293685122517,3.4419201610948393,0.16492113969718541,0.15489511133168607
high_resource_prob_band,phase=mid|resource_prob_band=60:80,150,11,0.92,0.7163120004728004,0.7096148630136299,-0.20368799952719963,-0.21038513698637018,0.20368799952719963,0.21038513698637018,0.07950657648887743,0.08031386694857823,0.0008072904597007935,1.0153757026800536,0.2959635703308724,0.3033536849100442,2.4969676406153796,0.22205968420846883,0.22972620412055209
high_resource_prob_band,phase=mid|resource_prob_band=80+,169,7,1.0,0.9404109506001059,0.9338792880947493,-0.05958904939989407,-0.0661207119052507,0.05958904939989407,0.0661207119052507,0.00568109071962067,0.006592060764849692,0.0009109700452290216,16.03512582685614,0.06268909044809569,0.06972344943109751,11.221025752201683,0.05958904939989414,0.06612071190525069
high_resource_prob_band,phase=mid|resource_prob_band=<=20,984,24,0.0,0.06558884662294477,0.07780759839293806,0.06558884662294477,0.07780759839293806,0.06558884662294477,0.07780759839293806,0.010353957520269878,0.013226758095814231,0.0028728005755443535,27.745918117978462,0.07162041768832142,0.08558009257100099,19.491194457186012,0.06558884662294477,0.07780759839293806
high_resource_prob_band,phase=pp|resource_prob_band=20:40,561,28,0.32976827094474154,0.32400222539481915,0.3443355553794049,-0.005766045549922383,0.014567284434663375,0.005766045549922383,0.014567284434663375,0.17774336330051968,0.1840214362610766,0.0062780729605569074,3.532099789257533,0.5196111288281086,0.5371089342618676,3.367480883872181,0.07800469937572327,0.05020179585440544
high_resource_prob_band,phase=pp|resource_prob_band=40:60,147,10,0.7959183673469388,0.5322816246674579,0.5467130749580724,-0.2636367426794809,-0.24920529238886635,0.2636367426794809,0.24920529238886635,0.21812152613608676,0.2063881748031328,-0.011733351332953973,-5.379272527936328,0.6205679827894676,0.5956745747832156,-4.011390967087199,0.3198337225995988,0.2884833116107212
high_resource_prob_band,phase=pp|resource_prob_band=<=20,670,25,0.08955223880597014,0.11959091823454628,0.14667244123916567,0.03003867942857613,0.05712020243319553,0.03003867942857613,0.05712020243319553,0.06476261690443173,0.06777232147747464,0.0030097045730429067,4.647286840623253,0.22243967515473861,0.23597659921764705,6.085660776788838,0.07784582231623653,0.0827850316379367
