split,phase,model,bin_lo,bin_hi,n,mean_pred,actual_wr,cal_error
OOS,PP,v12,0.0,0.1,457,0.0381,0.0525,0.0144
OOS,PP,v12,0.1,0.2,354,0.156,0.0847,0.0713
OOS,PP,v12,0.2,0.3,454,0.2686,0.2379,0.0307
OOS,PP,v12,0.3,0.4,357,0.3403,0.5266,0.1863
OOS,PP,v12,0.4,0.5,178,0.426,0.573,0.1471
OOS,PP,v12,0.5,0.6,347,0.5289,0.6599,0.1311
OOS,PP,v12,0.6,0.7,368,0.6535,0.9185,0.2649
OOS,PP,v12,0.7,0.8,354,0.7523,0.935,0.1827
OOS,PP,v12,0.8,0.9,267,0.8277,0.9026,0.0749
OOS,PP,v12,0.9,1.0,175,0.9242,0.9257,0.0015
OOS,PP,v14,0.0,0.1,467,0.033,0.0792,0.0462
OOS,PP,v14,0.1,0.2,325,0.163,0.0585,0.1045
OOS,PP,v14,0.2,0.3,490,0.2654,0.1796,0.0859
OOS,PP,v14,0.3,0.4,221,0.3528,0.5249,0.1721
OOS,PP,v14,0.4,0.5,375,0.4451,0.6107,0.1656
OOS,PP,v14,0.5,0.6,335,0.5501,0.7612,0.2111
OOS,PP,v14,0.6,0.7,277,0.6406,0.917,0.2763
OOS,PP,v14,0.7,0.8,518,0.765,0.9131,0.1481
OOS,PP,v14,0.8,0.9,125,0.8174,0.952,0.1346
OOS,PP,v14,0.9,1.0,180,0.9475,0.8722,0.0752
OOS,MID,v12,0.0,0.1,893,0.0315,0.0202,0.0113
OOS,MID,v12,0.1,0.2,504,0.1539,0.125,0.0289
OOS,MID,v12,0.2,0.3,450,0.2479,0.16,0.0879
OOS,MID,v12,0.3,0.4,380,0.3459,0.3342,0.0117
OOS,MID,v12,0.4,0.5,221,0.4417,0.5204,0.0786
OOS,MID,v12,0.5,0.6,276,0.5543,0.6957,0.1414
OOS,MID,v12,0.6,0.7,297,0.6527,0.7912,0.1385
OOS,MID,v12,0.7,0.8,403,0.7512,0.871,0.1198
OOS,MID,v12,0.8,0.9,446,0.8508,0.8991,0.0483
OOS,MID,v12,0.9,1.0,1180,0.9628,0.9669,0.0042
OOS,MID,v14,0.0,0.1,884,0.0313,0.0226,0.0087
OOS,MID,v14,0.1,0.2,474,0.1561,0.1329,0.0232
OOS,MID,v14,0.2,0.3,464,0.2469,0.1185,0.1284
OOS,MID,v14,0.3,0.4,360,0.3469,0.3472,0.0003
OOS,MID,v14,0.4,0.5,260,0.4466,0.5115,0.065
OOS,MID,v14,0.5,0.6,276,0.5554,0.663,0.1077
OOS,MID,v14,0.6,0.7,299,0.6543,0.7559,0.1015
OOS,MID,v14,0.7,0.8,412,0.7546,0.9029,0.1483
OOS,MID,v14,0.8,0.9,448,0.8545,0.9018,0.0473
OOS,MID,v14,0.9,1.0,1173,0.9616,0.9668,0.0052
OOS,DEATH,v12,0.0,0.1,628,0.0135,0.0255,0.0119
OOS,DEATH,v12,0.1,0.2,26,0.1125,0.2692,0.1567
OOS,DEATH,v12,0.2,0.3,105,0.2512,0.1048,0.1465
OOS,DEATH,v12,0.3,0.4,94,0.3533,0.1596,0.1937
OOS,DEATH,v12,0.4,0.5,28,0.4628,0.1429,0.32
OOS,DEATH,v12,0.5,0.6,61,0.5478,0.377,0.1707
OOS,DEATH,v12,0.6,0.7,30,0.656,0.7333,0.0773
OOS,DEATH,v12,0.7,0.8,30,0.7681,0.8,0.0319
OOS,DEATH,v12,0.8,0.9,29,0.8469,0.6552,0.1918
OOS,DEATH,v12,0.9,1.0,393,0.9677,0.9644,0.0034
OOS,DEATH,v14,0.0,0.1,623,0.0135,0.0193,0.0058
OOS,DEATH,v14,0.1,0.2,64,0.1562,0.2031,0.047
OOS,DEATH,v14,0.2,0.3,51,0.2645,0.1373,0.1272
OOS,DEATH,v14,0.3,0.4,114,0.349,0.114,0.2349
OOS,DEATH,v14,0.4,0.5,31,0.4189,0.1935,0.2254
OOS,DEATH,v14,0.5,0.6,62,0.5493,0.4516,0.0976
OOS,DEATH,v14,0.6,0.7,25,0.6705,0.64,0.0305
OOS,DEATH,v14,0.7,0.8,30,0.7419,0.8,0.0581
OOS,DEATH,v14,0.8,0.9,43,0.8498,0.7209,0.1289
OOS,DEATH,v14,0.9,1.0,399,0.9637,0.9724,0.0087
OOS,OVERALL,v12,0.0,0.1,1978,0.0273,0.0293,0.002
OOS,OVERALL,v12,0.1,0.2,884,0.1535,0.1131,0.0404
OOS,OVERALL,v12,0.2,0.3,1009,0.2576,0.1893,0.0683
OOS,OVERALL,v12,0.3,0.4,831,0.3443,0.3971,0.0528
OOS,OVERALL,v12,0.4,0.5,427,0.4365,0.5176,0.081
OOS,OVERALL,v12,0.5,0.6,684,0.5408,0.6491,0.1083
OOS,OVERALL,v12,0.6,0.7,695,0.6533,0.8561,0.2028
OOS,OVERALL,v12,0.7,0.8,787,0.7523,0.8971,0.1448
OOS,OVERALL,v12,0.8,0.9,742,0.8423,0.8908,0.0485
OOS,OVERALL,v12,0.9,1.0,1748,0.96,0.9622,0.0022
OOS,OVERALL,v14,0.0,0.1,1974,0.0261,0.035,0.0089
OOS,OVERALL,v14,0.1,0.2,863,0.1587,0.1101,0.0486
OOS,OVERALL,v14,0.2,0.3,1005,0.2569,0.1493,0.1076
OOS,OVERALL,v14,0.3,0.4,695,0.3491,0.3655,0.0163
OOS,OVERALL,v14,0.4,0.5,666,0.4444,0.5526,0.1081
OOS,OVERALL,v14,0.5,0.6,673,0.5522,0.6924,0.1402
OOS,OVERALL,v14,0.6,0.7,601,0.6487,0.8253,0.1766
OOS,OVERALL,v14,0.7,0.8,960,0.7599,0.9052,0.1454
OOS,OVERALL,v14,0.8,0.9,616,0.8466,0.8994,0.0527
OOS,OVERALL,v14,0.9,1.0,1752,0.9606,0.9583,0.0023
