feature,effect,bootstrap_mean,bootstrap_se,ci_low,ci_high,sign_stability,feature_mean,feature_std,segment,global_tau,keep_weight,shrunk_effect,shrunk_z,survives_shrinkage,loo_n,loo_market_brier,loo_signal_brier,loo_brier_delta,loo_market_logloss,loo_signal_logloss,loo_logloss_delta
dls_pressure_index,3.9811881244984075,3.9094836547074663,1.0846062285273075,3.0773732486297423,4.5397418872365005,1.0,0.6720048499472254,0.4416573561228327,innings_2_death,0.2858893764621792,0.524087815235902,2.0864921862114887,1.9237324220489043,True,42,0.1383199356024207,0.11604790376118276,-0.022272031841237938,1.0758387934380131,0.9483360213386215,-0.12750277209939165
venue_chase_success,9.459441246427238,6.9898299233018495,3.814974783688359,1.2664728249828794,11.128573084389098,1.0,0.5725117363822836,0.06680285709028366,innings_2_death,0.2858893764621792,0.3344464865067275,3.1636768891844085,0.8292785825003398,False,42,0.1383199356024207,0.09094914506254408,-0.047370790539876625,1.0758387934380131,0.6778909896694354,-0.39794780376857775
target_above_par,9.562097786799201,6.0632395881147785,4.187871115452532,0.3966734719404493,10.348026435421268,0.975,29.648221036305184,25.7445717165669,innings_2_death,0.2858893764621792,0.2987889492198498,2.8570491500551847,0.6822199309551241,False,42,0.1383199356024207,0.08930582317845569,-0.049014112423965014,1.0758387934380131,0.7481415550129215,-0.3276972384250917
score_vs_par,-3.148459523780483,-3.4647151525408724,1.3994229820112722,-7.048374965558238,-2.42414704711865,1.0,-26.6996626984127,27.01502858986018,innings_2_death,0.2858893764621792,0.29264050681997655,-0.9213667907413026,0.658390490938769,False,42,0.1383199356024207,0.15839310851586028,0.020073172913439574,1.0758387934380131,0.9833905561335877,-0.09244823730442542
resource_edge,5.949878179587816,5.493320071527012,2.711953509115938,2.8537093123861945,10.389794728828784,1.0,0.0751597472231546,0.22335372871118916,innings_2_death,0.2858893764621792,0.2823372144168824,1.6798720313446152,0.6194324569000105,False,42,0.1383199356024207,0.1347969627212533,-0.003522972881167402,1.0758387934380131,0.871650694436328,-0.2041880990016851
chase_difficulty,1.1555383481113841,1.3947878647451495,0.5268590259568293,0.8946434233721575,2.0825049996727945,1.0,4.769723248986502,5.7581192341399845,innings_2_death,0.2858893764621792,0.2822104195160986,0.3261049619874533,0.6189605562998719,False,42,0.1383199356024207,0.14897727681155948,0.010657341209138776,1.0758387934380131,1.0745031722114031,-0.0013356212266100176
model_edge_raw,3.056930510071597,3.6406982482327748,1.7106488882100632,2.437990462674249,8.385832918887347,1.0,0.01238682106540375,0.20365205386590954,innings_2_death,0.2858893764621792,0.20698043903099575,0.632724819061865,0.36987415694939874,False,42,0.1383199356024207,0.14509860332061844,0.0067786677181977395,1.0758387934380131,0.8888653261494914,-0.1869734672885217
model_edge_iso,5.108484305504909,5.6561810173243385,3.606234176621067,2.6928221824461835,14.584690898213047,1.0,-0.0009256840608802856,0.21849059596931134,innings_2_death,0.2858893764621792,0.14090140350847907,0.7197926084466797,0.19959674585668097,False,42,0.1383199356024207,0.13311703146459727,-0.0052029041378234275,1.0758387934380131,0.7428112377076598,-0.33302755573035336
model_edge_full,3.7968851703181765,4.761351536080967,2.911683467492656,2.5961915642611944,11.131125611918597,1.0,-0.0036618337812651855,0.21744083058257693,innings_2_death,0.2858893764621792,0.12202400586048932,0.46331113827451015,0.15912139552802018,False,42,0.1383199356024207,0.14457472906593508,0.006254793463514374,1.0758387934380131,0.7831294974868741,-0.29270929595113904
required_run_rate,1.4899510495592672,1.543290737177257,1.2538417746997403,0.8566771678950097,2.926560292464886,1.0,17.269446118368297,16.215583089090316,innings_2_death,0.2858893764621792,0.1034710542890527,0.15416680593697799,0.12295554974976096,False,42,0.1383199356024207,0.15561014148686145,0.017290205884440746,1.0758387934380131,1.073864973332638,-0.001973820105375168
inn1_defendability,3.9778930301658573,5.7303191153374415,4.19246833433294,0.4709253564085902,13.393849602107096,0.9875,0.713214013586414,0.13138780265530162,innings_2_death,0.2858893764621792,0.06853746583623077,0.27263470765517295,0.06502964012207745,False,42,0.1383199356024207,0.24961372984259236,0.11129379424017166,1.0758387934380131,1.4680580543227884,0.3922192608847752
wickets_remaining,-1.4199530869471644,-2.494373893512247,1.7028045123635895,-6.411064588261442,-0.6349489565958496,0.9875,3.9523809523809526,2.0113059125659882,innings_2_death,0.2858893764621792,0.053778331821530134,-0.07636270828085064,0.04484525808919914,False,42,0.1383199356024207,0.1612869239083578,0.022966988305937103,1.0758387934380131,1.1494924680211915,0.0736536745831784
wickets_lost,1.4199530869471644,2.3855899086664856,1.9070296047337412,0.2855467774639392,7.224703123132207,1.0,6.0476190476190474,2.0113059125659882,innings_2_death,0.2858893764621792,0.04334934366324984,0.06155403435176511,0.032277440201346465,False,42,0.1383199356024207,0.1612869239083578,0.022966988305937103,1.0758387934380131,1.1494924680211915,0.0736536745831784
rrr_times_wickets,1.7547815571530625,2.4218199537114478,2.4719668391271927,1.1198722665939465,4.786355632003539,1.0,122.11479450805354,135.60734697977057,innings_2_death,0.2858893764621792,0.03955744801508272,0.06941468022490818,0.028080748837476226,False,42,0.1383199356024207,0.15527107575037513,0.01695114014795443,1.0758387934380131,1.069073598850126,-0.006765194587887047
batting_team_win_rate,0.6623034966964678,0.3113797273435566,1.3963634423010722,-1.2920411945478913,2.6188500239440007,0.5625,0.4547619047619048,0.14007205790554977,innings_2_death,0.2858893764621792,0.018055116529537424,0.011957966810774831,0.008563649235497576,False,42,0.1383199356024207,0.1691952266094246,0.030875291007003897,1.0758387934380131,1.1948612289605436,0.11902243552253045
current_run_rate,0.46362302474870765,-0.14967665721941714,1.4034296165009612,-2.2647822955574592,1.7782382188180272,0.5375,9.739858360148114,1.3966134822978349,innings_2_death,0.2858893764621792,0.008840731338616908,0.004098766604200262,0.002920535897777312,False,42,0.1383199356024207,0.1694766547471023,0.0311567191446816,1.0758387934380131,1.255361763130286,0.17952296969227288
team_strength_diff,-0.5192505118089084,-0.27137864162567177,1.89195758619141,-1.6846417863377479,1.8066592433721913,0.7215189873417721,-0.03095238095238098,0.2511763706262946,innings_2_death,0.2858893764621792,0.006118734497091725,-0.0031771560192377017,0.001679295574929084,False,42,0.1383199356024207,0.174700004433246,0.036380068830825285,1.0758387934380131,1.1546209452499947,0.07878215181198156
bowling_team_win_rate,0.8239375129169196,0.9709955837728023,3.0034745006949892,-1.2239100404074736,3.9507436789418215,0.7125,0.48571428571428565,0.23357616130344236,innings_2_death,0.2858893764621792,0.006113270012189727,0.005036952489633191,0.0016770418632477972,False,42,0.1383199356024207,0.19436911977015153,0.05604918416773083,1.0758387934380131,1.2300904039891263,0.15425161055111314
score_vs_par,-2.652900966985457,-4.09048749597234,2.247898904685566,-7.578724195905941,-1.0260003967483617,0.975,-33.50764423076923,31.25252505598597,innings_2_middle,0.10030249597058068,0.013818749456513053,-0.03665977379571324,0.01630846189577932,False,104,0.08609072263660122,0.09910520899731849,0.013014486360717267,0.5691142443889867,0.6299320305103904,0.06081778612140365
inn1_defendability,3.571260563852701,4.463387245793081,4.211021701762452,-0.2253952425908319,11.721955317434114,0.925,0.7112237517546485,0.13276749398247809,innings_2_middle,0.10030249597058068,0.007183902109747417,0.025655586299119168,0.006092484925322661,False,104,0.08609072263660122,0.09194634993318676,0.005855627296585536,0.5691142443889867,0.6686595523959694,0.09954530800698269
venue_chase_success,2.417967791079324,3.900965129770344,3.6702356433353147,-1.1489184429562393,10.101203074425044,0.925,0.5707010604093873,0.0687126588523802,innings_2_middle,0.10030249597058068,0.004347547862158906,0.010512230700876007,0.002864184127066351,False,104,0.08609072263660122,0.07988214503122784,-0.006208577605373383,0.5691142443889867,0.6138308856059029,0.04471664121691621
resource_edge,1.4979988162656643,2.717403796429614,2.360879276947679,0.4625185070958042,5.695695560302931,1.0,0.060960063246849355,0.22247270641115444,innings_2_middle,0.10030249597058068,0.004034069163438174,0.006043030831564203,0.0025596526112002466,False,104,0.08609072263660122,0.10371137151405918,0.017620648877457956,0.5691142443889867,0.7064408532882445,0.13732660889925774
model_edge_iso,1.022723688632843,2.158660582089425,1.768322830570401,0.3958004315564842,5.28143631684095,0.975,-0.0031370640804595892,0.18810013982780296,innings_2_middle,0.10030249597058068,0.003353960499641283,0.0034301748537219857,0.0019397899382533155,False,104,0.08609072263660122,0.10113158218481742,0.015040859548216198,0.5691142443889867,0.6733387679946587,0.10422452360567203
model_edge_full,0.9469643994947804,2.080852432813866,1.8390645729101205,0.1443094564505713,4.732873050790968,0.95,-0.0037762078582703517,0.19685346552360802,innings_2_middle,0.10030249597058068,0.0026603569156723366,0.0025192632890914403,0.0013698612395139378,False,104,0.08609072263660122,0.10504033522008548,0.01894961258348425,0.5691142443889867,0.725444131215082,0.15632988682609528
model_edge_raw,0.9568048539054544,1.8843799416247387,1.8885759044416726,0.39828632546727216,4.398715074273862,0.975,-0.0057466541315399616,0.18235242676400332,innings_2_middle,0.10030249597058068,0.0025756171464729172,0.002464362987547403,0.0013048789665815223,False,104,0.08609072263660122,0.0998777500812234,0.01378702744462218,0.5691142443889867,0.636035635932225,0.06692139154323828
dls_pressure_index,1.3404239869732435,2.7691225769724817,2.7806702544632325,0.17506761356526226,8.696684503689806,0.95,0.5571316336601071,0.413472023930452,innings_2_middle,0.10030249597058068,0.0023323555975232812,0.003126345389071518,0.0011243135977055565,False,104,0.08609072263660122,0.0863972386702604,0.00030651603365917934,0.5691142443889867,0.6088220828153326,0.03970783842634584
bowling_team_win_rate,0.7194359815984108,1.047213357540906,1.6206775301228198,-1.5335040164489353,3.358357140770918,0.725,0.48653846153846153,0.22277001434201335,innings_2_middle,0.10030249597058068,0.0019785836850432946,0.0014234642956237236,0.0008783143224875253,False,104,0.08609072263660122,0.13886363862229098,0.052772915985689756,0.5691142443889867,0.6732305438567299,0.10411629946774315
target_above_par,1.4661519142821064,2.2126587793076347,3.405645960937419,-3.1283114800930996,9.414256734303871,0.9,26.164580276965943,25.92542505934133,innings_2_middle,0.10030249597058068,0.0018611158155398225,0.0027286785156544146,0.0008012220116066069,False,104,0.08609072263660122,0.10578866635957507,0.019697943722973843,0.5691142443889867,0.7031503364310676,0.1340360920420809
batting_team_win_rate,0.7337598422444751,-0.5495258690396485,3.1305830770509746,-6.854374073253398,2.7353700900821107,0.65,0.48749999999999993,0.14523687548277814,innings_2_middle,0.10030249597058068,0.0005523837921937733,0.000405317044218508,0.00012947014436225004,False,104,0.08609072263660122,0.13445986107697994,0.04836913844037871,0.5691142443889867,1.0218622489580063,0.45274800456901954
team_strength_diff,-0.5660684593651414,-0.7414188804125748,3.611559312415587,-5.69849754296442,2.7918109934055475,0.6125,0.0009615384615384406,0.2618334733212683,innings_2_middle,0.10030249597058068,0.0002470953450606635,-0.00013987288129478778,3.8729221593190935e-05,False,104,0.08609072263660122,0.13079750521599467,0.04470678257939345,0.5691142443889867,0.7074376539987118,0.1383234096097251
required_run_rate,0.6629704850072702,3.6841559146028153,4.591319250787963,-0.40553721248059527,12.169517574918642,0.8375,10.72885363593723,3.500310839522452,innings_2_middle,0.10030249597058068,0.00020972287019577473,0.00013904007297080954,3.0283250863924338e-05,False,104,0.08609072263660122,0.13105758870850437,0.044966866071903144,0.5691142443889867,1.2170077708887872,0.6478935264998005
rrr_times_wickets,0.23338215970252868,1.597785585029015,2.316725197236907,-0.9641827536587708,5.782267368779028,0.8125,40.155098510747166,27.656302453178323,innings_2_middle,0.10030249597058068,0.00010208581584030733,2.382500817580554e-05,1.0283916323516398e-05,False,104,0.08609072263660122,0.08923336283663047,0.0031426402000292453,0.5691142443889867,0.6799284334565527,0.11081418906756602
current_run_rate,0.16035080616523023,-0.9014100454186396,3.381914403153062,-7.251132173411454,2.379543913138059,0.5949367088607594,10.095552042841465,1.9154143796566883,innings_2_middle,0.10030249597058068,2.2616777646336212e-05,3.62661852844977e-06,1.072356684824724e-06,False,104,0.08609072263660122,0.09968586629098432,0.013595143654383093,0.5691142443889867,0.7884571533497667,0.21934290896078001
wickets_remaining,0.09307295484135304,-0.6936526418861132,2.1531336651440247,-4.133538303070426,2.5400573799805386,0.6125,6.461538461538462,1.7916637998234024,innings_2_middle,0.10030249597058068,1.8798376070144483e-05,1.7496204070673291e-06,8.125925609102258e-07,False,104,0.08609072263660122,0.10216813154909252,0.016077408912491292,0.5691142443889867,0.7343975325678478,0.16528328817886107
wickets_lost,-0.09307295484135304,1.0764770796361116,2.6548122732039325,-1.3518337079734362,4.750644259717651,0.7125,3.5384615384615383,1.7916637998234024,innings_2_middle,0.10030249597058068,1.2365095578579166e-05,-1.1508559823941128e-06,4.334980629987196e-07,False,104,0.08609072263660122,0.10216813154909252,0.016077408912491292,0.5691142443889867,0.7343975325678478,0.16528328817886107
chase_difficulty,0.06530890234467009,1.8800634184354184,3.0592804413823678,-0.6568245898820939,8.13232042233477,0.7,1.7575602982281344,0.8271871576720232,innings_2_middle,0.10030249597058068,4.5848768544863765e-06,2.994332747519889e-07,9.787702680762298e-08,False,104,0.08609072263660122,0.08822682695524503,0.0021361043186438056,0.5691142443889867,0.7013907662366,0.1322765218476133
dls_pressure_index,2.474520592036737,3.468784235306939,2.2967829673518803,1.090008981351733,7.473038082746846,1.0,0.5033627806923187,0.39459580587370935,innings_2_overs_4_12,0.07776772095980512,0.006971124575726789,0.0172501913122893,0.00751058828038609,False,107,0.062192100018061094,0.04375828105024289,-0.018433818967818205,0.2243045212466351,0.17747114886259133,-0.04683337238404378
resource_edge,2.128423274418889,3.1366182571203742,2.175782604471241,-0.02047914246202906,7.510834833779593,0.9375,0.03893247573144331,0.26309268946499387,innings_2_overs_4_12,0.07776772095980512,0.0057541018626793275,0.012247164327903763,0.005628854760786877,False,107,0.062192100018061094,0.05219338722275863,-0.009998712795302463,0.2243045212466351,0.21099721827317638,-0.013307302973458723
venue_chase_success,2.6127116290591776,3.4948741739651736,2.9639026895835663,-1.3195202631158527,9.492433986469566,0.925,0.5687187876876286,0.06874061635749584,innings_2_overs_4_12,0.07776772095980512,0.004677541177414628,0.012221066229634356,0.004123302101432492,False,107,0.062192100018061094,0.06369695414996722,0.0015048541319061248,0.2243045212466351,0.27985814956856314,0.055553628321928034
inn1_defendability,2.76542778252385,4.71314492603976,3.8175175854823795,0.7476753596945446,10.822120355669435,0.975,0.7156543770060624,0.13346725670602858,innings_2_overs_4_12,0.07776772095980512,0.0031636262369311497,0.008748779889130781,0.0022917457929949084,False,107,0.062192100018061094,0.10141445677584561,0.039222356757784516,0.2243045212466351,0.36727650191737615,0.14297198067074104
model_edge_full,1.1940384490701306,2.121730940446281,1.831967245591677,0.20540895685263802,6.384600949082605,0.9625,-0.026404037596397128,0.22608738887396204,innings_2_overs_4_12,0.07776772095980512,0.002562628132725174,0.0030598765211426516,0.0016702681294128222,False,107,0.062192100018061094,0.055921553076668136,-0.0062705469413929585,0.2243045212466351,0.2262499918938121,0.0019454706471769834
model_edge_raw,1.241238084147386,2.1754198059368677,2.03820204085732,0.022126444463030494,6.2276674762239415,0.9625,-0.02024890815855232,0.20222174017862868,innings_2_overs_4_12,0.07776772095980512,0.002237904044881531,0.0027777717291744375,0.001362853956508402,False,107,0.062192100018061094,0.054856249899292414,-0.00733585011876868,0.2243045212466351,0.2240937843571231,-0.00021073688951200875
model_edge_iso,1.263758402638422,2.2043721944144172,2.201993642296787,-0.08029201574919918,7.310774047805721,0.925,-0.010824952506962394,0.20827788022449142,innings_2_overs_4_12,0.07776772095980512,0.001988064479230252,0.00251243319061421,0.0011409811231715492,False,107,0.062192100018061094,0.05539659999662249,-0.006795500021438604,0.2243045212466351,0.222776916806121,-0.0015276044405141131
target_above_par,1.743702378843942,4.001217295877265,4.059586861651325,0.5165339469146761,9.794308860418157,0.9625,24.963704194434182,26.5193491682489,innings_2_overs_4_12,0.07776772095980512,0.001114539530564165,0.001943425230760345,0.00047872487822136806,False,107,0.062192100018061094,0.08288100871657092,0.020688908698509825,0.2243045212466351,0.2918535494288505,0.06754902818221539
wickets_lost,-0.4897366541087764,-0.06242395955047638,1.3521815138978723,-1.581709995761062,2.6594037058341935,0.6835443037974683,2.7289719626168223,1.9021389507601572,innings_2_overs_4_12,0.07776772095980512,0.0007927012918897676,-0.00038821487839779933,0.0002871026349174702,False,107,0.062192100018061094,0.06763879989176484,0.0054466998737037475,0.2243045212466351,0.2396441697454117,0.015339648498776587
wickets_remaining,0.4897366541087764,-0.020310021989149513,1.5508760707195148,-3.7126312337766314,1.6997915846290168,0.675,7.271028037383178,1.9021389507601572,innings_2_overs_4_12,0.07776772095980512,0.0006027093588658747,0.0002951688648110193,0.00019032395204269216,False,107,0.062192100018061094,0.06763879989176484,0.0054466998737037475,0.2243045212466351,0.2396441697454117,0.015339648498776587
score_vs_par,-0.45866138346241164,-0.4710883759800003,1.6076043524346073,-3.501913826293581,1.2918597589137442,0.6625,-30.285552959501555,32.81209835415436,innings_2_overs_4_12,0.07776772095980512,0.0004920519948974358,-0.00022568524871509742,0.00014038606387787632,False,107,0.062192100018061094,0.06338231911747355,0.0011902190994124567,0.2243045212466351,0.23664767728019162,0.012343156033556513
rrr_times_wickets,-0.33135144189356663,-0.28760294073234405,1.385716073340021,-1.9887085772738324,1.7055357667539008,0.7125,28.447424068424446,22.37732425048954,innings_2_overs_4_12,0.07776772095980512,0.00034568282608520907,-0.00011454250286117706,8.265943091682449e-05,False,107,0.062192100018061094,0.06609340579351802,0.0039013057754569286,0.2243045212466351,0.23774138107790796,0.013436859831272852
required_run_rate,0.8986703369396204,3.8896160249693628,4.061073639763977,-0.7872378022538528,11.621902508519574,0.8875,10.225742978527856,2.6215885365066547,innings_2_overs_4_12,0.07776772095980512,0.00029606647081840693,0.00026606615508690206,6.551621025202667e-05,False,107,0.062192100018061094,0.10493933037456389,0.0427472303565028,0.2243045212466351,0.6592068891295774,0.43490236788294223
team_strength_diff,-0.6890501496921675,-1.095501998824291,3.389458231701334,-6.727026868720961,2.7364883280644845,0.6875,0.0065420560747663364,0.2602195435552622,innings_2_overs_4_12,0.07776772095980512,0.0002498798841575699,-0.00017217977158383502,5.079861125458493e-05,False,107,0.062192100018061094,0.09331332308281041,0.03112122306474932,0.2243045212466351,0.32684035777169723,0.10253583652506212
bowling_team_win_rate,0.5448709497321949,-0.6823091528950807,3.0652038945060727,-6.028040462264305,3.1938273475357297,0.5,0.48411214953271026,0.22008899334718168,innings_2_overs_4_12,0.07776772095980512,0.00019106640133602874,0.00010410653155787468,3.396398243028156e-05,False,107,0.062192100018061094,0.1375309382148369,0.0753388381967758,0.2243045212466351,0.5951965716013086,0.37089205035467343
current_run_rate,0.3238074052017812,0.514278131457895,2.7813033003880614,-3.1589946721105395,4.152177430101031,0.55,10.302470441646175,2.369259586552184,innings_2_overs_4_12,0.07776772095980512,8.196717961638811e-05,2.6541579743290967e-05,9.54285699231694e-06,False,107,0.062192100018061094,0.07306634353915742,0.010874243521096325,0.2243045212466351,0.2646840660445956,0.04037954479796049
chase_difficulty,-0.20388203678141492,1.0141335707832222,2.7626537420322927,-1.7626317456924565,7.752219415581733,0.55,1.4843492842508434,0.5760760429076959,innings_2_overs_4_12,0.07776772095980512,3.2937410388646345e-05,-6.715346316342552e-06,2.430759305759014e-06,False,107,0.062192100018061094,0.06637557998670275,0.004183479968641657,0.2243045212466351,0.2598397779020402,0.035535256655405106
batting_team_win_rate,-0.1600244438461506,-2.6704553197463468,4.390015123634099,-9.612247576216282,2.3703182440484425,0.5875,0.4906542056074767,0.14438571801402314,innings_2_overs_4_12,0.07776772095980512,8.035924947161116e-06,-1.2859444204588649e-06,2.9292482629652055e-07,False,107,0.062192100018061094,0.13468294648630813,0.07249084646824704,0.2243045212466351,0.933592324633463,0.7092878033868278
model_edge_full,2.4057662578479624,3.02872117996114,1.2959177803385473,0.8530269436710862,5.218638760313143,0.975,-0.04070550105509212,0.22187711113228126,innings_2_powerplay,0.14093402763925988,0.06406617904749104,0.15412825182170006,0.11893366459722371,False,72,0.13867226550921424,0.10183697603941956,-0.03683528946979468,0.47362731969025085,0.4555434774936751,-0.018083842196575772
wickets_remaining,2.2720106155311184,2.073860726880248,1.2878344319994748,-0.5737850420671677,3.89108094257289,0.925,8.75,1.5343293866268306,innings_2_powerplay,0.14093402763925988,0.05822121582880203,0.13227922041216658,0.1027144608796078,False,72,0.13867226550921424,0.12522567643620186,-0.013446589073012383,0.47362731969025085,0.4378113985165635,-0.03581592117368737
rrr_times_wickets,-2.094601345677172,-1.7507405902447943,1.2012938856308786,-3.083880002127545,0.6663360202617494,0.9125,13.09131168378807,17.15084728980383,innings_2_powerplay,0.14093402763925988,0.0569471476147199,-0.11928157202626886,0.09929424636227445,False,72,0.13867226550921424,0.12731718313686372,-0.011355082372350528,0.47362731969025085,0.4397968707880859,-0.03383044890216497
wickets_lost,-2.2720106155311184,-2.156539785293846,1.3546893433004337,-3.937637535254953,0.098407241392793,0.9375,1.25,1.5343293866268306,innings_2_powerplay,0.14093402763925988,0.05291305701234461,-0.12021902723225024,0.08874287447477186,False,72,0.13867226550921424,0.12522567643620186,-0.013446589073012383,0.47362731969025085,0.4378113985165635,-0.03581592117368737
resource_edge,3.4389440099791346,3.98637813678549,2.4124240678054476,-0.9205698651516033,7.2456337766898935,0.9,0.027942276454123633,0.2948126611659947,innings_2_powerplay,0.14093402763925988,0.03879627880480672,0.13341823060527053,0.05530463397075669,False,72,0.13867226550921424,0.10208495888081738,-0.03658730662839686,0.47362731969025085,0.48580663733693075,0.0121793176466799
required_run_rate,2.7755589486017724,3.858327464327502,2.4451340976202487,-0.2707738741302668,8.752339039338363,0.925,10.131034517791656,1.6582133272424358,innings_2_powerplay,0.14093402763925988,0.024954683776028597,0.06926319586408364,0.028326951739876035,False,72,0.13867226550921424,0.12233864321669764,-0.0163336222925166,0.47362731969025085,0.6256320547064728,0.15200473501622191
model_edge_iso,1.581448292872534,1.9298994881411389,1.4542297337399437,-0.06793977798317227,4.9147964763762015,0.9375,0.0012675991946057379,0.22313725449763738,innings_2_powerplay,0.14093402763925988,0.022950504619447275,0.036295036350988095,0.024958254709909613,False,72,0.13867226550921424,0.11000639426836978,-0.028665871240844465,0.47362731969025085,0.4913246564845068,0.017697336794255947
model_edge_raw,1.7138962422710062,2.15309814432531,1.7626849150604733,0.323698236408269,5.0221883353729835,0.975,-0.008513569984278747,0.21809717606191478,innings_2_powerplay,0.14093402763925988,0.01843197205715786,0.031590487646407046,0.01792180054261442,False,72,0.13867226550921424,0.11073181619612697,-0.02794044931308727,0.47362731969025085,0.5097271362216264,0.036099816531375506
venue_chase_success,2.5712228340273056,5.1246677925404995,3.914596742409787,0.3284988387622602,12.11875744552343,0.975,0.568082502616447,0.06873746937145085,innings_2_powerplay,0.14093402763925988,0.00849633097592019,0.021845960210739493,0.005580641274811087,False,72,0.13867226550921424,0.11423042159240267,-0.024441843916811576,0.47362731969025085,0.561442315280102,0.08781499558985117
inn1_defendability,2.154661481892985,3.398508938477401,3.768176512785752,0.8068960142379975,11.68932841990714,0.9625,0.7170765530126892,0.13365996135571326,innings_2_powerplay,0.14093402763925988,0.00645232235839142,0.013902570454382897,0.0036894689965598936,False,72,0.13867226550921424,0.17614823932700086,0.03747597381778661,0.47362731969025085,0.7527371287136311,0.27910980902338023
target_above_par,2.2977905697515424,4.474994203627338,5.363651925095244,-1.810641232745038,14.02436186593736,0.8875,24.578237797572143,26.69574107069706,innings_2_powerplay,0.14093402763925988,0.003632044737546822,0.008345678146850803,0.0015559693745680397,False,72,0.13867226550921424,0.13749776275425685,-0.001174502754957396,0.47362731969025085,0.560635151524361,0.0870078318341102
current_run_rate,-0.6612897276483471,-1.0286361127373396,1.5583010723324442,-3.063503333699542,-0.08867702010686938,0.9625,10.124485332783296,3.4608720347380793,innings_2_powerplay,0.14093402763925988,0.0035641982985520205,-0.0023569677221341677,0.001512523958852862,False,72,0.13867226550921424,0.13099285599711794,-0.007679409512096308,0.47362731969025085,0.4612753032360934,-0.012352016454157455
chase_difficulty,-0.6222464970012392,-0.10607786538959729,1.8959465430351112,-1.9467102339219549,1.728291557788887,0.6,1.1894152667416569,0.33912853563576884,innings_2_powerplay,0.14093402763925988,0.0021348939337366424,-0.0013284302717368214,0.000700668628875753,False,72,0.13867226550921424,0.14352466301286612,0.0048523975036518785,0.47362731969025085,0.48505207676530226,0.011424757075051417
batting_team_win_rate,-1.42915469758254,-3.6135488461054535,4.3948841420185545,-11.873427639821742,0.014239662731289711,0.9375,0.49166666666666664,0.14409680388158816,innings_2_powerplay,0.14093402763925988,0.002095965473749934,-0.0029954589027805316,0.0006815785807243015,False,72,0.13867226550921424,0.20821724606940661,0.06954498056019237,0.47362731969025085,0.8075049281627812,0.33387760847253034
dls_pressure_index,1.463131556346411,3.3837585106588697,4.571159953162162,-1.6569963089036455,11.661843257693842,0.8375,0.4555574619755677,0.3697052279263855,innings_2_powerplay,0.14093402763925988,0.0020307795881486027,0.0029712976994043885,0.0006500095650446135,False,72,0.13867226550921424,0.10708385879753192,-0.031588406711682324,0.47362731969025085,0.6519607748611281,0.1783334551708773
score_vs_par,0.27517334510689495,-0.11685341990964457,1.1274511306905444,-1.4713958671616427,1.3241314027312852,0.575,-19.101203703703707,32.155997373267965,innings_2_powerplay,0.14093402763925988,0.001181776773651406,0.0003251934679752912,0.0002884324262389906,False,72,0.13867226550921424,0.14431237457224677,0.005640109063032528,0.47362731969025085,0.48742366741495935,0.013796347724708502
bowling_team_win_rate,-0.4026706403744074,-2.388459185111393,5.484085725132721,-17.14300509991183,3.3409483425340563,0.725,0.4833333333333333,0.21921577396609843,innings_2_powerplay,0.14093402763925988,0.00010707218933968986,-4.311482704770272e-05,7.86180762483271e-06,False,72,0.13867226550921424,0.21648447906103863,0.07781221355182438,0.47362731969025085,1.317170377853116,0.8435430581628652
team_strength_diff,-0.08138849856009997,-0.7672812965781922,3.8859725154205025,-6.531821688266059,5.348659478644387,0.5375,0.00833333333333331,0.25967394084804807,innings_2_powerplay,0.14093402763925988,8.712736204247481e-06,-7.09116518013927e-07,1.8248109408266938e-07,False,72,0.13867226550921424,0.2101977329814128,0.07152546747219857,0.47362731969025085,0.7704903504088149,0.296863030718564
